name,model_number,manufacturer,type,subtype,url,data,images
Source Four LED Series 3 Lustr X8,S4LEDS3LS-0,ETC,profile,ellipsoidal LED,"https://www.etcconnect.com/Products/Lighting-Fixtures/","{""dimensions"":null,""protocols"":[""DMX512"",""RDM"",""wireless DMX/RDM (Multiverse)""],""notable_specs"":{""array"":""Lustr X8"",""NFC"":true},""lifecycle"":""current"",""sources"":[""https://www.etcconnect.com/Products/Lighting-Fixtures/"",""https://www.etcconnect.com/webdocs/Fixtures/SourceFourLED_Series3/Content/S4S3/ConnectPowerAndData.htm""]}","[""https://www.etcconnect.com/uploadedImages/Main_Site/Images/Products/Entertainment_Fixtures/Series3_Fresnel_Adapter_right_Red.png""]"
Source Four LED Series 2 Lustr,S4LEDS2LS-0,ETC,profile,ellipsoidal LED,"https://www.etcconnect.com/Products/Lighting-Fixtures/","{""dimensions"":null,""protocols"":[""DMX512"",""RDM""],""notable_specs"":{""array"":""Lustr X7"",""rated_lifetime"":""54,000 h L70""},""lifecycle"":""legacy generation; product page maintained"",""sources"":[""https://www.etcconnect.com/Products/Lighting-Fixtures/""]}","[""https://www.etcconnect.com/uploadedImages/Main_Site/Images/Products/Entertainment_Fixtures/S4LED_Series2_Lustr_Blue_2.png""]"
Desire Fresnel 7,DFL7,ETC,Fresnel,LED Fresnel,"https://www.etcconnect.com/Products/Lighting-Fixtures/","{""dimensions"":null,""protocols"":[""DMX"",""RDM"",""wireless DMX/RDM (Multiverse)""],""zoom"":""13–55 degrees"",""array"":""Lustr X8"",""sources"":[""https://www.etcconnect.com/Products/Lighting-Fixtures/"",""https://www.etcconnect.com/webdocs/Fixtures/Desire_Fresnel/Content/Desire/Overview_Desire_Fresnel.htm""]}","[""https://www.etcconnect.com/uploadedImages/Main_Site/Images/Products/Lighting_Fixtures/Desire_Fresnel/Desire_Fresnel_Right_Blue_BarnDoor_547x400.jpg""]"
Desire D22,D22,ETC,architectural wash,LED wash,"https://www.etcconnect.com/Products/Lighting-Fixtures/","{""dimensions"":null,""protocols"":[""DMX""],""array"":""Lustr x7"",""mounting"":[""yoke"",""canopy"",""track""],""sources"":[""https://www.etcconnect.com/Products/Lighting-Fixtures/""]}","[]"
Desire D40,D40,ETC,architectural wash,LED wash,"https://www.etcconnect.com/Products/Lighting-Fixtures/","{""dimensions"":null,""protocols"":[""DMX""],""array"":""Lustr x7"",""mounting"":[""yoke"",""canopy"",""track""],""sources"":[""https://www.etcconnect.com/Products/Lighting-Fixtures/""]}","[]"
Desire D60,D60,ETC,architectural wash,LED wash,"https://www.etcconnect.com/Products/Lighting-Fixtures/","{""dimensions"":null,""protocols"":[""DMX""],""array"":""Lustr x7"",""mounting"":[""yoke"",""canopy"",""track""],""sources"":[""https://www.etcconnect.com/Products/Lighting-Fixtures/""]}","[]"
fos/4 Fresnel,fos/4 Fresnel,ETC,Fresnel,LED Fresnel,"https://www.etcconnect.com/Products/Lighting-Fixtures/","{""dimensions"":null,""protocols"":[""DMX"",""RDM"",""wireless DMX/RDM (Multiverse)""],""arrays"":[""Lustr X8"",""Daylight HDR""],""sources"":[""https://www.etcconnect.com/Products/Lighting-Fixtures/""]}","[]"
ColorSource Spot V,ColorSource Spot V,ETC,profile,LED spot,"https://www.etcconnect.com/Products/Entertainment-Fixtures/ColorSource-Spot-V/Features.aspx","{""dimensions"":null,""protocols"":[""DMX"",""RDM"",""wireless DMX/RDM (Multiverse)""],""array"":[""red"",""green"",""blue"",""indigo"",""lime""],""lens_options"":[""fixed 5–90°"",""15–30° zoom"",""25–50° zoom""],""sources"":[""https://www.etcconnect.com/Products/Entertainment-Fixtures/ColorSource-Spot-V/Features.aspx""]}","[]"
ColorSource Fresnel V,ColorSource Fresnel V,ETC,Fresnel,LED Fresnel,"https://www.etcconnect.com/Products/Entertainment-Fixtures/ColorSource-Fresnel-V/Features.aspx","{""dimensions"":null,""protocols"":[""DMX"",""RDM""],""sources"":[""https://www.etcconnect.com/Products/Entertainment-Fixtures/ColorSource-Fresnel-V/Features.aspx""]}","[]"
Dataflash 5000,Dataflash 5000,High End Systems,strobe,LED strobe,"https://www.etcconnect.com/Products/Lighting-Fixtures/","{""dimensions"":null,""protocols"":[""DMX""],""output"":""52,000+ lm"",""ip_rating"":""IP65"",""led_engine"":""RGB plus 3200–7500 K white center"",""sources"":[""https://www.etcconnect.com/Products/Lighting-Fixtures/""]}","[""https://www.etcconnect.com/uploadedImages/Main_Site/Images/Products/Entertainment_Fixtures/Dataflash_5000/Dataflash_5000_EyeCandy_Right_547x400.jpg""]"
SolaFrame 3000,SolaFrame 3000,High End Systems,profile,moving head framing,"https://www.highend.com/documentation/SolaFrame%203000/SolaFrame3000-protocol.pdf","{""dimensions"":null,""protocols"":[""DMX""],""notable_specs"":{""dmx_protocol_document"":true},""sources"":[""https://www.highend.com/documentation/SolaFrame%203000/SolaFrame3000-protocol.pdf""]}","[]"
SolaFrame 2000,SolaFrame 2000,High End Systems,profile,moving head framing,"https://www.etcconnect.com/Products/Legacy/Live-Events-High-End-Systems/Lighting-Fixtures/","{""dimensions"":null,""protocols"":[""DMX""],""lifecycle"":""legacy product line"",""sources"":[""https://www.etcconnect.com/Products/Legacy/Live-Events-High-End-Systems/Lighting-Fixtures/""]}","[]"
SolaFrame 1000,SolaFrame 1000,High End Systems,profile,moving head framing,"https://www.etcconnect.com/Products/Legacy/Live-Events-High-End-Systems/Lighting-Fixtures/SolaFrame/1000/Features.aspx","{""dimensions"":null,""protocols"":[""DMX"",""RDM""],""output"":""20,000 lm"",""zoom"":""12–40°"",""lifecycle"":""legacy product"",""sources"":[""https://www.etcconnect.com/Products/Legacy/Live-Events-High-End-Systems/Lighting-Fixtures/SolaFrame/1000/Features.aspx"",""https://support.etcconnect.com/HES/Fixtures/LED/Legacy_Fixtures/SolaFrame_1000/All_SolaFrame_1000_software_versions""]}","[]"
SolaFrame 750,SolaFrame 750,High End Systems,profile,moving head framing,"https://www.etcconnect.com/Products/Legacy/Live-Events-High-End-Systems/Lighting-Fixtures/","{""dimensions"":null,""protocols"":[""DMX""],""lifecycle"":""legacy product; confirm via manufacturer docs"",""sources"":[""https://www.etcconnect.com/Products/Legacy/Live-Events-High-End-Systems/Lighting-Fixtures/""]}","[]"
SolaSpot 3000,SolaSpot 3000,High End Systems,spot,moving head spot,"https://www.highend.com/","{""dimensions"":null,""protocols"":[""DMX""],""source"":""manufacturer product name referenced by official HES docs; specs not surfaced on current site"",""sources"":[""https://www.highend.com/""]}","[]"
SolaSpot Pro 2000,SolaSpot Pro 2000,High End Systems,spot,moving head LED spot,"https://www.highend.com/","{""dimensions"":null,""protocols"":[""DMX""],""lifecycle"":""legacy"",""sources"":[""https://www.highend.com/""]}","[]"
SolaSpot Pro 1500,SolaSpot Pro 1500,High End Systems,spot,moving head LED spot,"https://www.highend.com/","{""dimensions"":null,""protocols"":[""DMX""],""lifecycle"":""legacy"",""sources"":[""https://www.highend.com/""]}","[]"
SolaWash 2000,SolaWash 2000,High End Systems,wash,moving head wash,"https://www.etcconnect.com/Products/Legacy/Live-Events-High-End-Systems/Lighting-Fixtures/","{""dimensions"":""475 x 320 x 886 mm"",""power"":""600 W LED; 100–240 VAC, 50–60 Hz"",""protocols"":[""DMX""],""output"":""26,000 lm"",""zoom"":""5–55°"",""lifecycle"":""legacy"",""sources"":[""https://www.etcconnect.com/Products/Legacy/Live-Events-High-End-Systems/Lighting-Fixtures/"",""https://www.highend.com/""]}","[]"
SolaWash Pro 2000,SolaWash Pro 2000,High End Systems,wash,moving head wash,"https://www.etcconnect.com/Products/Legacy/Live-Events-High-End-Systems/Lighting-Fixtures/","{""dimensions"":null,""protocols"":[""DMX""],""zoom"":""9–51°"",""lifecycle"":""legacy"",""sources"":[""https://www.etcconnect.com/Products/Legacy/Live-Events-High-End-Systems/Lighting-Fixtures/""]}","[]"
VL3600 PROFILE IP,VL3600 PROFILE IP,Vari-Lite,profile,moving head profile,"https://www.vari-lite.com/global/products/vl3600-profile-ip","{""dimensions"":null,""power"":""1000 W LED engine"",""protocols"":[""DMX512"",""RDM"",""wireless DMX/RDM (CRMX)""],""output"":""45,000 lm fixture; 85,000 source lm"",""ip_rating"":""IP65"",""sources"":[""https://www.vari-lite.com/global/products/vl3600-profile-ip""]}","[]"
VL3600 LT PROFILE IP,VL3600 LT PROFILE IP,Vari-Lite,profile,long-throw moving head,"https://www.vari-lite.com/global/vl3600-series","{""dimensions"":null,""protocols"":[""DMX512"",""RDM"",""wireless DMX/RDM""],""ip_rating"":""IP65"",""sources"":[""https://www.vari-lite.com/global/vl3600-series""]}","[]"
VL2600 SE PROFILE,VL2600 SE PROFILE,Vari-Lite,profile,moving head profile,"https://www.vari-lite.com/global/vl2600-series","{""dimensions"":null,""power"":""570 W LED engine"",""protocols"":[""DMX""],""output"":""23,750 lm"",""effects"":[""iris"",""gobo wheels"",""prism"",""frost""],""sources"":[""https://www.vari-lite.com/global/vl2600-series""]}","[]"
VL2600 SE WASH,VL2600 SE WASH,Vari-Lite,wash,moving head wash,"https://www.vari-lite.com/global/vl2600-series","{""dimensions"":null,""power"":""570 W LED engine"",""protocols"":[""DMX""],""output"":""27,500 lm"",""sources"":[""https://www.vari-lite.com/global/vl2600-series""]}","[]"
VL2600 SPOT,VL2600 SPOT,Vari-Lite,spot,moving head spot,"https://www.vari-lite.com/global/products/vl2600-spot","{""dimensions"":""464 x 300 x 715 mm"",""weight"":""32 kg"",""power"":""approx. 820 W; 550 W LED engine"",""protocols"":[""DMX""],""output"":""19,000 lm"",""zoom"":""7–<48°"",""sources"":[""https://www.vari-lite.com/global/products/vl2600-spot""]}","[]"
VL5LED WASH,VL5LED WASH,Vari-Lite,wash,creative moving head wash,"https://www.vari-lite.com/global/vl5led-series","{""dimensions"":null,""protocols"":[""DMX""],""engine"":""RGBALC"",""features"":[""Dichro*fusion blades"",""motorized zoom"",""blade LEDs""],""sources"":[""https://www.vari-lite.com/global/vl5led-series""]}","[]"
VL800 EVENTPROFILE,VL800 EVENTPROFILE,Vari-Lite,profile,moving head profile,"https://www.vari-lite.com/global/product-families","{""dimensions"":null,""protocols"":[""DMX""],""sources"":[""https://www.vari-lite.com/global/product-families""]}","[]"
VL600 ACCLAIM PROFILE,VL600 ACCLAIM PROFILE,Vari-Lite,profile,moving head profile,"https://www.vari-lite.com/global/product-families","{""dimensions"":null,""protocols"":[""DMX""],""sources"":[""https://www.vari-lite.com/global/product-families""]}","[]"
MAC Aura XIP,MAC Aura XIP,Martin Professional (HARMAN),wash,IP-rated creative moving head,"https://www.martin.com/en-US/products/mac-aura-xip","{""dimensions"":null,""protocols"":[""DMX"",""RDM"",""Art-Net"",""sACN"",""Martin P3""],""zoom"":""6.3–35.3° half-peak"",""ip_rating"":""IP54"",""sources"":[""https://www.martin.com/en-US/products/mac-aura-xip""]}","[]"
MAC Viper XIP,MAC Viper XIP,Martin Professional (HARMAN),profile,IP-rated moving head profile,"https://www.martin.com/en-US/products/mac-viper-xip","{""dimensions"":null,""protocols"":[""DMX"",""RDM"",""Art-Net"",""sACN""],""ip_rating"":""IP54"",""sources"":[""https://www.martin.com/en-US/products/mac-viper-xip""]}","[]"
MAC Ultra Performance,MAC Ultra Performance,Martin Professional (HARMAN),profile,moving head framing,"https://www.martin.com/en-US/products/mac-ultra-performance","{""dimensions"":null,""protocols"":[""DMX"",""RDM"",""Art-Net"",""sACN""],""sources"":[""https://www.martin.com/en-US/products/mac-ultra-performance""]}","[]"
MAC Ultra Wash,MAC Ultra Wash,Martin Professional (HARMAN),wash,moving head wash,"https://www.martin.com/en-US/products/mac-ultra-wash","{""dimensions"":null,""protocols"":[""DMX"",""RDM"",""Art-Net"",""sACN""],""sources"":[""https://www.martin.com/en-US/products/mac-ultra-wash""]}","[]"
MAC Encore Performance CLD,MAC Encore Performance CLD,Martin Professional (HARMAN),profile,moving head framing,"https://www.martin.com/en-US/products/mac-encore-performance-cld","{""dimensions"":null,""protocols"":[""DMX"",""RDM""],""sources"":[""https://www.martin.com/en-US/products/mac-encore-performance-cld""]}","[]"
MAC One,MAC One,Martin Professional (HARMAN),wash,beam wash moving head,"https://www.martin.com/en-US/products/mac-one","{""dimensions"":null,""protocols"":[""DMX"",""RDM"",""Art-Net"",""sACN"",""Martin P3""],""sources"":[""https://www.martin.com/en-US/products/mac-one""]}","[]"
Atomic 3000 LED,Atomic 3000 LED,Martin Professional (HARMAN),strobe,LED strobe,"https://www.martin.com/en-US/products/atomic-3000-led","{""dimensions"":null,""protocols"":[""DMX"",""RDM""],""sources"":[""https://www.martin.com/en-US/products/atomic-3000-led""]}","[]"
ELP CL,ELP CL,Martin Professional (HARMAN),profile,static LED ellipsoidal,"https://www.martin.com/en-US/products/elp-cl","{""dimensions"":null,""protocols"":[""DMX"",""RDM""],""sources"":[""https://www.martin.com/en-US/products/elp-cl""]}","[]"
