name,model_number,manufacturer,type,subtype,url,data,images,asset_state,asset_root,fixture_record,fixture_note,blend_asset,usdz_asset,validation_report
7P HEX IP,HEX700,ADJ,PAR,IP65 LED wash,https://www.adj.com/products/7p-hex-ip,"{""protocols"":[""DMX"",""RDM""],""notable"":[""7 x 12 W RGBAW+UV LEDs; 25° beam; IP65""],""lifecycle"":""current (listed by manufacturer)"",""source_urls"":[""https://www.adj.com/products/7p-hex-ip""],""dimensions"":{""value"":""10 x 6.5 x 9.25 in (256 x 161.7 x 232.5 mm), LxWxH"",""units"":""as stated by manufacturer""},""dmx_channels"":[6,7,8,13]}","[""https://www.adj.com/cdn/shop/files/d067275be528798fdbc863962e9e0de2d25444f7_HEX700__IMG__001__ff60fa4bc937.jpg?v=1776713404&width=850""]",ready_for_visualization,assets/fixtures/adj/7p-hex-ip,assets/fixtures/adj/7p-hex-ip/fixture.json,docs/08 Fixture Library/entries/adj/7p-hex-ip.md,assets/fixtures/adj/7p-hex-ip/models/fixture.blend,assets/fixtures/adj/7p-hex-ip/models/fixture.usdz,assets/fixtures/adj/7p-hex-ip/validation/usdz.json
Focus Spot 4Z,FOC200,ADJ,Moving head,spot,https://www.adj.com/products/focus-spot-4z,"{""power"":""200 W LED engine"",""protocols"":[""DMX512"",""RDM""],""notable"":[""7000 lumens; motorized zoom 11-22°""],""lifecycle"":""current (listed by manufacturer)"",""source_urls"":[""https://www.adj.com/products/focus-spot-4z""],""dimensions"":{""value"":""7.15 x 10.97 x 18 in (181.5 x 278.6 x 457.4 mm), LxWxH"",""units"":""as stated by manufacturer""},""dmx_channels"":[16,18,22]}","[""https://www.adj.com/cdn/shop/files/a74bd932582c95b0204ab23388d7dc7f7fe9e08b_FOC200__IMG__001__3dc23d06cee1.jpg?v=1776751364&width=800""]",ready_for_visualization,assets/fixtures/adj/focus-spot-4z,assets/fixtures/adj/focus-spot-4z/fixture.json,docs/08 Fixture Library/entries/adj/focus-spot-4z.md,assets/fixtures/adj/focus-spot-4z/models/fixture.blend,assets/fixtures/adj/focus-spot-4z/models/fixture.usdz,assets/fixtures/adj/focus-spot-4z/validation/usdz.json
Hydro Beam X1,HYD100,ADJ,Moving head,IP65 beam,https://www.adj.com/products/hydro-beam-x1,"{""protocols"":[""DMX512"",""RDM"",""W-DMX""],""notable"":[""100 W discharge lamp; 3° beam; IP65""],""lifecycle"":""current (listed by manufacturer)"",""source_urls"":[""https://www.adj.com/products/hydro-beam-x1""],""dimensions"":{""value"":""13.2 x 8.3 x 16.9 in (336 x 210 x 430 mm), LxWxH"",""units"":""as stated by manufacturer""},""power"":""235 W max; 100-240 V AC, 50/60 Hz"",""dmx_channels"":[11,14]}","[""https://www.adj.com/cdn/shop/files/2ca9d5892d774450aa191f321349e6f771ee8f18_HYDRO_BEAM_X1_red_RT.jpg?v=1778306536&width=800""]",ready_for_visualization,assets/fixtures/adj/hydro-beam-x1,assets/fixtures/adj/hydro-beam-x1/fixture.json,docs/08 Fixture Library/entries/adj/hydro-beam-x1.md,assets/fixtures/adj/hydro-beam-x1/models/fixture.blend,assets/fixtures/adj/hydro-beam-x1/models/fixture.usdz,assets/fixtures/adj/hydro-beam-x1/validation/usdz.json
Jolt Bar FX,JOLT-BAR-FX,ADJ,Batten,LED strobe/blinder bar,https://www.adj.com/products/jolt-bar-fx,"{""protocols"":[""DMX""],""lifecycle"":""discontinued (manufacturer page)"",""source_urls"":[""https://www.adj.com/products/jolt-bar-fx""],""dimensions"":{""value"":""39.4 x 4.2 x 4.8 in (1000 x 107 x 123 mm), LxWxH"",""units"":""as stated by manufacturer""},""dmx_channels"":[6,9,13,16,18,32,32,38,43,64,78,112,127],""notable"":[""448 RGB plus 112 cool-white LEDs; strobe/blinder zones"",""discontinued""]}","[""https://www.adj.com/cdn/shop/files/4ba34d07f96ad74129a39daa60a889601126b3e3_JOL250__IMG__003__d947eb5428f7.jpg?v=1776713379&width=800""]",ready_for_visualization,assets/fixtures/adj/jolt-bar-fx,assets/fixtures/adj/jolt-bar-fx/fixture.json,docs/08 Fixture Library/entries/adj/jolt-bar-fx.md,assets/fixtures/adj/jolt-bar-fx/models/fixture.blend,assets/fixtures/adj/jolt-bar-fx/models/fixture.usdz,assets/fixtures/adj/jolt-bar-fx/validation/usdz.json
LED Bar,LED BAR,ADJ,Batten,LED wash bar,https://www.adj.com/products/led-bar,"{""dimensions"":{""value"":""19.75 x 3.5 x 5.25 in (500 x 90 x 132 mm), LxWxH"",""units"":""as stated by manufacturer""},""power"":""built-in supply; exact draw not stated on page"",""protocols"":[""DMX-512""],""notable"":[""4 x 61 RGB LEDs; 30° beam"",""discontinued""],""lifecycle"":""discontinued (manufacturer page)"",""source_urls"":[""https://www.adj.com/products/led-bar""]}","[""https://www.adj.com/cdn/shop/files/7bcfbe90e80e9aca47aa38adedb0ff216906529d_LED_BAR__IMG__001__a4051e307ea2.jpg?v=1776715774&width=2048""]",ready_for_visualization,assets/fixtures/adj/led-bar,assets/fixtures/adj/led-bar/fixture.json,docs/08 Fixture Library/entries/adj/led-bar.md,assets/fixtures/adj/led-bar/models/fixture.blend,assets/fixtures/adj/led-bar/models/fixture.usdz,assets/fixtures/adj/led-bar/validation/usdz.json
STRYKER WASH,STR100,ADJ,Moving head,wash,https://www.adj.com/products/stryker-wash,"{""dimensions"":{""value"":""8.7 x 12.8 x 15.7 in (222 x 324 x 399 mm), LxWxH"",""units"":""as stated by manufacturer""},""weight"":""18.1 lb (8.2 kg)"",""power"":""300 W max; 100-240 V AC, 50/60 Hz"",""protocols"":[""DMX-512""],""dmx_channels"":[13,23],""notable"":[""19 x 12 W RGBW LEDs"",""motorized zoom 6-50°"",""IP20""],""lifecycle"":""current (listed by manufacturer)"",""source_urls"":[""https://www.adj.com/products/stryker-wash""]}","[""https://www.adj.com/cdn/shop/files/aff04e4f77e061376b58502065e4278f6f563981_STR100__IMG__001__3350049b2831.jpg?v=1776712421&width=800""]",ready_for_visualization,assets/fixtures/adj/stryker-wash,assets/fixtures/adj/stryker-wash/fixture.json,docs/08 Fixture Library/entries/adj/stryker-wash.md,assets/fixtures/adj/stryker-wash/models/fixture.blend,assets/fixtures/adj/stryker-wash/models/fixture.usdz,assets/fixtures/adj/stryker-wash/validation/usdz.json
COLORado Solo Batten,COLORADOSOLOBATTEN,CHAUVET Professional,Batten,IP-rated pixel batten,https://chauvetprofessional.com/product/colorado-solo-batten/,"{""protocols"":[""DMX"",""RDM"",""Art-Net"",""sACN""],""notable"":[""144 LEDs; 12 controllable sections; IP65""],""source_urls"":[""https://chauvetprofessional.com/product/colorado-solo-batten/""],""dimensions"":{""value"":""39.86 x 9.06 x 9.84 in (1012.5 x 230 x 249.8 mm)"",""units"":""as stated by manufacturer""},""power"":""336 W at 120 V; 100-240 V AC"",""dmx_channels"":[36,48,60,75,85,87,99,120,160]}","[""https://chauvetprofessional.com/wp-content/uploads/2025/10/COLORADO-SOLO-BATTEN-FRONT-FEAT.png""]",researched,assets/fixtures/chauvet-professional/colorado-solo-batten,assets/fixtures/chauvet-professional/colorado-solo-batten/fixture.json,docs/08 Fixture Library/entries/chauvet-professional/colorado-solo-batten.md,assets/fixtures/chauvet-professional/colorado-solo-batten/models/fixture.blend,assets/fixtures/chauvet-professional/colorado-solo-batten/models/fixture.usdz,assets/fixtures/chauvet-professional/colorado-solo-batten/validation/usdz.json
COLORdash Batten-Quad 6,COLORBATTENQUAD6,CHAUVET Professional,Batten,RGBW pixel bar,https://chauvetprofessional.com/product/colordash-batten-quad-6/,"{""dimensions"":{""value"":""22 x 2.6 x 6.5 in (560 x 65 x 164 mm)"",""units"":""as stated by manufacturer""},""weight"":""5 lb (2.3 kg)"",""power"":""90 W at 120 V; 100-240 V AC"",""protocols"":[""DMX""],""dmx_channels"":[4,6,10,24,28],""notable"":[""six RGBA pixels; 17° beam; IP20""],""source_urls"":[""https://chauvetprofessional.com/product/colordash-batten-quad-6/""]}","[""https://chauvetprofessional.com/wp-content/uploads/2025/10/COLORdash-Batten-Quad-6-FRONT-FEAT.png""]",researched,assets/fixtures/chauvet-professional/colordash-batten-quad-6,assets/fixtures/chauvet-professional/colordash-batten-quad-6/fixture.json,docs/08 Fixture Library/entries/chauvet-professional/colordash-batten-quad-6.md,assets/fixtures/chauvet-professional/colordash-batten-quad-6/models/fixture.blend,assets/fixtures/chauvet-professional/colordash-batten-quad-6/models/fixture.usdz,assets/fixtures/chauvet-professional/colordash-batten-quad-6/validation/usdz.json
Maverick MK2 Wash,MAVERICKMK2WASH,CHAUVET Professional,Moving head,wash,https://chauvetprofessional.com/product/maverick-mk2-wash/,"{""dimensions"":{""value"":""12.72 x 9.17 x 18.54 in (323 x 233 x 471 mm)"",""units"":""as stated by manufacturer""},""weight"":""32.8 lb (14.8 kg)"",""power"":""503 W; 100-240 V AC"",""protocols"":[""DMX"",""Art-Net"",""sACN"",""Kling-Net"",""W-DMX"",""RDM""],""dmx_channels"":[20,69,115],""source_urls"":[""https://chauvetprofessional.com/product/maverick-mk2-wash/""],""notable"":[""12 x 40 W RGBW LEDs; 4.7-65.5° zoom; IP20""]}","[""https://chauvetprofessional.com/wp-content/uploads/2025/10/MAVERICK-MK2-WASH-FRONT-FEAT.png""]",researched,assets/fixtures/chauvet-professional/maverick-mk2-wash,assets/fixtures/chauvet-professional/maverick-mk2-wash/fixture.json,docs/08 Fixture Library/entries/chauvet-professional/maverick-mk2-wash.md,assets/fixtures/chauvet-professional/maverick-mk2-wash/models/fixture.blend,assets/fixtures/chauvet-professional/maverick-mk2-wash/models/fixture.usdz,assets/fixtures/chauvet-professional/maverick-mk2-wash/validation/usdz.json
Rogue R1X Spot,ROGUER1XSPOT,CHAUVET Professional,Moving head,spot,https://chauvetprofessional.com/product/rogue-r1x-spot/,"{""dimensions"":{""value"":""11.10 x 14.20 x 17.60 in (282 x 360 x 447 mm)"",""units"":""as stated by manufacturer""},""weight"":""37.6 lb (17.1 kg)"",""power"":""303 W, 2.34 A at 120 V; 100-240 V AC"",""protocols"":[""DMX"",""RDM""],""dmx_channels"":[16,19],""notable"":[""170 W LED; 14° beam; dual gobo wheels; IP20""],""source_urls"":[""https://chauvetprofessional.com/product/rogue-r1x-spot/""]}","[""https://chauvetprofessional.com/wp-content/uploads/2025/10/ROGUE_1X_SPOT-FRONT-FEAT.png""]",researched,assets/fixtures/chauvet-professional/rogue-r1x-spot,assets/fixtures/chauvet-professional/rogue-r1x-spot/fixture.json,docs/08 Fixture Library/entries/chauvet-professional/rogue-r1x-spot.md,assets/fixtures/chauvet-professional/rogue-r1x-spot/models/fixture.blend,assets/fixtures/chauvet-professional/rogue-r1x-spot/models/fixture.usdz,assets/fixtures/chauvet-professional/rogue-r1x-spot/validation/usdz.json
Rogue R2 Wash,ROGUER2WASH,CHAUVET Professional,Moving head,wash,https://chauvetprofessional.com/product/rogue-r2-wash/,"{""weight"":""20.4 lb (9.25 kg)"",""power"":""339 W, 2.95 A at 120 V; 100-240 V AC"",""protocols"":[""DMX""],""dmx_channels"":[15,17,22,33,54,56],""notable"":[""19 x 15 W RGBW LEDs; 5-zone pixel mapping; 12-49° zoom; IP20""],""source_urls"":[""https://chauvetprofessional.com/product/rogue-r2-wash/""],""dimensions"":{""value"":""8.58 x 12.05 x 15.67 in (218 x 306 x 398 mm)"",""units"":""as stated by manufacturer""}}","[""https://chauvetprofessional.com/wp-content/uploads/2025/10/ROGUE_R2_WASH-FRONT-FEAT.png""]",researched,assets/fixtures/chauvet-professional/rogue-r2-wash,assets/fixtures/chauvet-professional/rogue-r2-wash/fixture.json,docs/08 Fixture Library/entries/chauvet-professional/rogue-r2-wash.md,assets/fixtures/chauvet-professional/rogue-r2-wash/models/fixture.blend,assets/fixtures/chauvet-professional/rogue-r2-wash/models/fixture.usdz,assets/fixtures/chauvet-professional/rogue-r2-wash/validation/usdz.json
Rogue RH1 Hybrid,ROGUERH1HYBRID,CHAUVET Professional,Moving head,hybrid beam/spot/wash,https://chauvetprofessional.com/product/rogue-rh1-hybrid/,"{""dimensions"":{""value"":""16.1 x 12.9 x 25.8 in (409 x 327 x 638 mm)"",""units"":""as stated by manufacturer""},""weight"":""55.2 lb (25.1 kg)"",""power"":""548 W; 100-240 V AC, 50/60 Hz"",""protocols"":[""DMX""],""dmx_channels"":[20,25],""notable"":[""330 W discharge lamp; beam 2.5-8°, spot 5-19°, wash 18-38°""],""source_urls"":[""https://chauvetprofessional.com/product/rogue-rh1-hybrid/""],""lifecycle"":""legacy model (manufacturer page carries legacy marker)""}","[""https://chauvetprofessional.com/wp-content/uploads/2025/10/Rogue-R1-Hybrid-FRONT-FEAT.png""]",researched,assets/fixtures/chauvet-professional/rogue-rh1-hybrid,assets/fixtures/chauvet-professional/rogue-rh1-hybrid/fixture.json,docs/08 Fixture Library/entries/chauvet-professional/rogue-rh1-hybrid.md,assets/fixtures/chauvet-professional/rogue-rh1-hybrid/models/fixture.blend,assets/fixtures/chauvet-professional/rogue-rh1-hybrid/models/fixture.usdz,assets/fixtures/chauvet-professional/rogue-rh1-hybrid/validation/usdz.json
Arolla Profile MP,CL3013,Claypaky,Moving head,profile,https://www.claypaky.it/products/arolla-profile-mp/,"{""dimensions"":""250 x 360 mm base; 593 mm height"",""power"":""470 W LED; max 740 VA, 100-240 VAC 50/60 Hz"",""protocols"":[""DMX"",""Art-Net"",""RDM"",""sACN""],""channels"":""37/39"",""source_urls"":[""https://www.claypaky.it/products/arolla-profile-mp/""]}","[""https://www.claypaky.it/wp-content/uploads/2022/10/Claypaky_Arolla_Profile_MP.jpg""]",researched,assets/fixtures/claypaky/arolla-profile-mp,assets/fixtures/claypaky/arolla-profile-mp/fixture.json,docs/08 Fixture Library/entries/claypaky/arolla-profile-mp.md,assets/fixtures/claypaky/arolla-profile-mp/models/fixture.blend,assets/fixtures/claypaky/arolla-profile-mp/models/fixture.usdz,assets/fixtures/claypaky/arolla-profile-mp/validation/usdz.json
Arolla Spot MP,CL3012,Claypaky,Moving head,spot,https://www.claypaky.it/products/arolla-spot-mp/,"{""dimensions"":""250 x 360 x 593 mm (L x W x H)"",""power"":""470 W LED; max 740 VA, 100-240 VAC 50/60 Hz"",""protocols"":[""DMX"",""Art-Net"",""RDM"",""sACN""],""channels"":""29/31"",""source_urls"":[""https://www.claypaky.it/products/arolla-spot-mp/"",""https://www.claypaky.it/products/arolla-spot-mp/claypaky_arollaspotmp_en/""]}","[""https://www.claypaky.it/wp-content/uploads/2022/10/Claypaky_Arolla_Spot_MP.jpg""]",ready_for_visualization,assets/fixtures/claypaky/arolla-spot-mp,assets/fixtures/claypaky/arolla-spot-mp/fixture.json,docs/08 Fixture Library/entries/claypaky/arolla-spot-mp.md,assets/fixtures/claypaky/arolla-spot-mp/models/fixture.blend,assets/fixtures/claypaky/arolla-spot-mp/models/fixture.usdz,assets/fixtures/claypaky/arolla-spot-mp/validation/usdz.json
HY B-EYE K25,C61470,Claypaky,Moving head,LED wash beam fx,https://www.claypaky.it/products/hy-b-eye-k25/,"{""dimensions"":""329 x 387 mm base; 590 mm height with horizontal head"",""weight"":""27.5 kg"",""power"":""1250 VA max at 230 V; 100-240 V"",""protocols"":[""DMX"",""Art-Net"",""sACN"",""RDM""],""channels"":""21/22/35/36 basic; 111/148 pixel"",""source_urls"":[""https://www.claypaky.it/products/hy-b-eye-k25/""]}","[""https://www.claypaky.it/wp-content/uploads/2022/10/Claypaky_HY_B-EYE_K25.jpg""]",researched,assets/fixtures/claypaky/hy-b-eye-k25,assets/fixtures/claypaky/hy-b-eye-k25/fixture.json,docs/08 Fixture Library/entries/claypaky/hy-b-eye-k25.md,assets/fixtures/claypaky/hy-b-eye-k25/models/fixture.blend,assets/fixtures/claypaky/hy-b-eye-k25/models/fixture.usdz,assets/fixtures/claypaky/hy-b-eye-k25/validation/usdz.json
Sharpy,C61375,Claypaky,Moving head,legacy beam,https://www.claypaky.it/products/sharpy-legacy/,"{""dimensions"":""330 x 405 mm base; 475 mm overall height (manufacturer dimension drawing)"",""weight"":""19 kg"",""power"":""350 VA max; 100-240 V, 50/60 Hz"",""protocols"":[""DMX"",""Art-Net"",""RDM"",""sACN""],""channels"":""16/20"",""lifecycle"":""Discontinued"",""source_urls"":[""https://www.claypaky.it/products/sharpy-legacy/"",""https://www.claypaky.it/wp-content/uploads/2022/10/Claypaky_sharpy_leaflet.pdf""]}","[""https://www.claypaky.it/wp-content/uploads/2022/10/Claypaky_Sharpy.jpg""]",researched,assets/fixtures/claypaky/sharpy,assets/fixtures/claypaky/sharpy/fixture.json,docs/08 Fixture Library/entries/claypaky/sharpy.md,assets/fixtures/claypaky/sharpy/models/fixture.blend,assets/fixtures/claypaky/sharpy/models/fixture.usdz,assets/fixtures/claypaky/sharpy/validation/usdz.json
Sharpy Plus,CD3000,Claypaky,Moving head,hybrid beam spot,https://www.claypaky.it/products/sharpy-plus/,"{""dimensions"":""307 x 375 mm base; 635 mm height"",""weight"":""23 kg"",""power"":""540 VA max; 100-240 V, 50/60 Hz"",""protocols"":[""DMX"",""Art-Net"",""RDM"",""sACN""],""channels"":""31"",""source_urls"":[""https://www.claypaky.it/products/sharpy-plus/""]}","[""https://www.claypaky.it/wp-content/uploads/2022/10/Claypaky_SharpyPlus.jpg""]",researched,assets/fixtures/claypaky/sharpy-plus,assets/fixtures/claypaky/sharpy-plus/fixture.json,docs/08 Fixture Library/entries/claypaky/sharpy-plus.md,assets/fixtures/claypaky/sharpy-plus/models/fixture.blend,assets/fixtures/claypaky/sharpy-plus/models/fixture.usdz,assets/fixtures/claypaky/sharpy-plus/validation/usdz.json
Sharpy Plus Aqua,CD3002,Claypaky,Moving head,IP66 hybrid beam spot,https://www.claypaky.it/products/sharpy-plus-aqua/,"{""dimensions"":""336 x 420 x 731 mm (L x W x H)"",""weight"":""38 kg"",""protocols"":[""DMX"",""Art-Net"",""RDM"",""sACN""],""source_urls"":[""https://www.claypaky.it/products/sharpy-plus-aqua/"",""https://www.claypaky.it/wp-content/uploads/2022/10/Claypaky_NewProducts2019-2020_EN.pdf""]}","[""https://www.claypaky.it/wp-content/uploads/2025/06/Claypaky_SharpyPlusAqua.jpg""]",ready_for_visualization,assets/fixtures/claypaky/sharpy-plus-aqua,assets/fixtures/claypaky/sharpy-plus-aqua/fixture.json,docs/08 Fixture Library/entries/claypaky/sharpy-plus-aqua.md,assets/fixtures/claypaky/sharpy-plus-aqua/models/fixture.blend,assets/fixtures/claypaky/sharpy-plus-aqua/models/fixture.usdz,assets/fixtures/claypaky/sharpy-plus-aqua/validation/usdz.json
DARTZ 360,DAR880,Elation Professional,Moving head,beam,https://www.elationlighting.com/products/dartz-360,"{""protocols"":[""DMX"",""RDM"",""Kling-Net"",""Art-Net"",""sACN""],""source_urls"":[""https://www.elationlighting.com/products/dartz-360""],""dimensions"":{""value"":""11.2 x 7.7 x 17.9 in (284.15 x 195.97 x 454.7 mm)"",""units"":""as stated by manufacturer""},""power"":""154 W max; 100-240 V AC, 50/60 Hz"",""dmx_channels"":[19,22,25],""notable"":[""50 W RGB LED; continuous 360° pan/tilt; IP20""]}","[""https://www.elationlighting.com/cdn/shop/files/9a52b514f22cc4267d1a3efdd11897414280eec0_DAR880__IMG__001__cd987eea5c81.jpg?v=1776815066&width=850""]",ready_for_visualization,assets/fixtures/elation-professional/dartz-360,assets/fixtures/elation-professional/dartz-360/fixture.json,docs/08 Fixture Library/entries/elation-professional/dartz-360.md,assets/fixtures/elation-professional/dartz-360/models/fixture.blend,assets/fixtures/elation-professional/dartz-360/models/fixture.usdz,assets/fixtures/elation-professional/dartz-360/validation/usdz.json
Fuze SFX,FUZ406,Elation Professional,Moving head,spot/effect,https://www.elationlighting.com/products/fuze-sfx,"{""dimensions"":{""value"":""14.3 x 9.2 x 23.4 in (362 x 233 x 595 mm)"",""units"":""as stated by manufacturer""},""weight"":""45.9 lb (20.8 kg)"",""power"":""432 W max; 100-240 V AC, 50/60 Hz"",""protocols"":[""DMX""],""dmx_channels"":[31],""notable"":[""300 W LED; 12,135 lumens; 4.5-38° zoom; IP20""],""source_urls"":[""https://www.elationlighting.com/products/fuze-sfx""]}","[""https://www.elationlighting.com/cdn/shop/files/89ae202fa3170c155988939b4acfa394ce85a29f_FUZ406__IMG__002__58ee88d3a569_51e85a0c-274f-454a-b2f6-ac00dc5f19c3.jpg?v=1783577951&width=1200""]",ready_for_visualization,assets/fixtures/elation-professional/fuze-sfx,assets/fixtures/elation-professional/fuze-sfx/fixture.json,docs/08 Fixture Library/entries/elation-professional/fuze-sfx.md,assets/fixtures/elation-professional/fuze-sfx/models/fixture.blend,assets/fixtures/elation-professional/fuze-sfx/models/fixture.usdz,assets/fixtures/elation-professional/fuze-sfx/validation/usdz.json
Fuze Wash 500,FUZ567,Elation Professional,Moving head,wash,https://www.elationlighting.com/products/fuze-wash-500,"{""protocols"":[""DMX""],""source_urls"":[""https://www.elationlighting.com/products/fuze-wash-500""],""dimensions"":{""value"":""15.3 x 16.1 x 21.7 in (389.5 x 407.9 x 550.5 mm), with snoot"",""units"":""as stated by manufacturer""},""power"":""609 W max; 100-240 V AC, 50/60 Hz"",""dmx_channels"":[21,30,19,26,19,26,17,26,15,22,15,22],""notable"":[""500 W RGBMA LED; up to 17,000 lumens; 6-53° zoom; IP20""]}","[""https://www.elationlighting.com/cdn/shop/files/f261b7f937117cee2f18bcc03abd483d9a2ed232_FUZ567__IMG__005__607642e601ac.jpg?v=1776815760&width=1200""]",ready_for_visualization,assets/fixtures/elation-professional/fuze-wash-500,assets/fixtures/elation-professional/fuze-wash-500/fixture.json,docs/08 Fixture Library/entries/elation-professional/fuze-wash-500.md,assets/fixtures/elation-professional/fuze-wash-500/models/fixture.blend,assets/fixtures/elation-professional/fuze-wash-500/models/fixture.usdz,assets/fixtures/elation-professional/fuze-wash-500/validation/usdz.json
KL Fresnel 8,KLF023,Elation Professional,Fresnel,LED theatrical wash,https://www.elationlighting.com/products/kl-fresnel-8,"{""protocols"":[""DMX"",""RDM""],""source_urls"":[""https://www.elationlighting.com/products/kl-fresnel-8""],""dimensions"":{""value"":""23.95 x 12.89 x 17.95 in (608.4 x 327.5 x 456 mm)"",""units"":""as stated by manufacturer""},""power"":""430 W max; 100-240 V AC, 50/60 Hz"",""dmx_channels"":[2,3,3,6,7],""notable"":[""350 W warm-white LED; 11-57° zoom; IP20""],""lifecycle"":""discontinued (manufacturer page)""}","[""https://www.elationlighting.com/cdn/shop/files/9182ac94ce3e7191a943e08811665c65e4c51157_KLF023__IMG__001__42d4bf9b406c.jpg?v=1776815436&width=850""]",ready_for_visualization,assets/fixtures/elation-professional/kl-fresnel-8,assets/fixtures/elation-professional/kl-fresnel-8/fixture.json,docs/08 Fixture Library/entries/elation-professional/kl-fresnel-8.md,assets/fixtures/elation-professional/kl-fresnel-8/models/fixture.blend,assets/fixtures/elation-professional/kl-fresnel-8/models/fixture.usdz,assets/fixtures/elation-professional/kl-fresnel-8/validation/usdz.json
Proteus Radius,PRD013,Elation Professional,Moving head,beam/hybrid,https://www.elationlighting.com/products/proteus-radius,"{""dimensions"":{""value"":""10.6 x 15.5 x 20.3 in (270 x 395 x 516 mm)"",""units"":""as stated by manufacturer""},""weight"":""45.0 lb (20.4 kg)"",""power"":""300 W max; 100-240 V AC, 50/60 Hz"",""protocols"":[""DMX"",""RDM"",""Art-Net"",""sACN""],""notable"":[""100 W laser phosphor engine; 0.9° beam; IP66""],""source_urls"":[""https://www.elationlighting.com/products/proteus-radius""]}","[""https://www.elationlighting.com/cdn/shop/files/8a816888b19c597ff679c5fcb47dd7fcb4a0d392_PRD013__IMG__001__0d483618ed34.png?v=1776814959&width=1200""]",ready_for_visualization,assets/fixtures/elation-professional/proteus-radius,assets/fixtures/elation-professional/proteus-radius/fixture.json,docs/08 Fixture Library/entries/elation-professional/proteus-radius.md,assets/fixtures/elation-professional/proteus-radius/models/fixture.blend,assets/fixtures/elation-professional/proteus-radius/models/fixture.usdz,assets/fixtures/elation-professional/proteus-radius/validation/usdz.json
SixBar 1000,SIX086,Elation Professional,Batten,LED pixel bar,https://www.elationlighting.com/products/sixbar-1000,"{""protocols"":[""DMX"",""Art-Net"",""Kling-Net"",""RDM""],""source_urls"":[""https://www.elationlighting.com/products/sixbar-1000""],""dimensions"":{""value"":""35.4 x 8.1 x 6.1 in (900 x 206.4 x 155 mm)"",""units"":""as stated by manufacturer""},""power"":""145 W max; 110-240 V AC, 50/60 Hz"",""dmx_channels"":[6,7,11,13,36,72,75,79],""notable"":[""12 x 12 W RGBAW+UV LEDs; 30° beam; IP20""],""lifecycle"":""discontinued (manufacturer page)""}","[""https://www.elationlighting.com/cdn/shop/files/e9bbd10c55a2546928e84a0f850337a4b52835bf_SIX086__IMG__001__4d03a9ebf964.jpg?v=1776815102&width=850""]",ready_for_visualization,assets/fixtures/elation-professional/sixbar-1000,assets/fixtures/elation-professional/sixbar-1000/fixture.json,docs/08 Fixture Library/entries/elation-professional/sixbar-1000.md,assets/fixtures/elation-professional/sixbar-1000/models/fixture.blend,assets/fixtures/elation-professional/sixbar-1000/models/fixture.usdz,assets/fixtures/elation-professional/sixbar-1000/validation/usdz.json
ColorSource Fresnel V,ColorSource Fresnel V,ETC,Fresnel,LED Fresnel,https://www.etcconnect.com/Products/Entertainment-Fixtures/ColorSource-Fresnel-V/Documentation.aspx,"{""dimensions"":""339 x 321 x 311 mm (H x W x D)"",""protocols"":[""DMX"",""RDM""],""sources"":[""https://www.etcconnect.com/Products/Entertainment-Fixtures/ColorSource-Fresnel-V/Features.aspx"",""https://www.etcconnect.com/workarea/DownloadAsset.aspx?id=10737519250""]}","[""https://www.etcconnect.com/uploadedImages/Main_Site/Images/Products/Entertainment_Fixtures/ColorSource_V/FresnelVMax.547x400.png""]",ready_for_visualization,assets/fixtures/etc/colorsource-fresnel-v,assets/fixtures/etc/colorsource-fresnel-v/fixture.json,docs/08 Fixture Library/entries/etc/colorsource-fresnel-v.md,assets/fixtures/etc/colorsource-fresnel-v/models/fixture.blend,assets/fixtures/etc/colorsource-fresnel-v/models/fixture.usdz,assets/fixtures/etc/colorsource-fresnel-v/validation/usdz.json
ColorSource Spot V,ColorSource Spot V,ETC,Profile,LED spot,https://www.etcconnect.com/Products/Entertainment-Fixtures/ColorSource-Spot-V/Documentation.aspx,"{""dimensions"":""593 x 339 x 672 mm maximum with barrel/lens tube configuration"",""protocols"":[""DMX"",""RDM"",""wireless DMX/RDM (Multiverse)""],""array"":[""red"",""green"",""blue"",""indigo"",""lime""],""lens_options"":[""fixed 5–90°"",""15–30° zoom"",""25–50° zoom""],""sources"":[""https://www.etcconnect.com/Products/Entertainment-Fixtures/ColorSource-Spot-V/Features.aspx"",""https://www.etcconnect.com/Products/Entertainment-Fixtures/ColorSource-Spot-V/Documentation.aspx""]}","[""https://www.etcconnect.com/uploadedImages/Main_Site/Images/Products/Entertainment_Fixtures/ColorSource_V/SpotV_adapters_Zoom_960x460.jpg""]",researched,assets/fixtures/etc/colorsource-spot-v,assets/fixtures/etc/colorsource-spot-v/fixture.json,docs/08 Fixture Library/entries/etc/colorsource-spot-v.md,assets/fixtures/etc/colorsource-spot-v/models/fixture.blend,assets/fixtures/etc/colorsource-spot-v/models/fixture.usdz,assets/fixtures/etc/colorsource-spot-v/validation/usdz.json
Desire D60,D60,ETC,Architectural wash,LED wash,https://www.etcconnect.com/workarea/DownloadAsset.aspx?id=10737512649,"{""dimensions"":""361 x 309 x 290 mm maximum overall"",""protocols"":[""DMX""],""array"":""Lustr x7"",""mounting"":[""yoke"",""canopy"",""track""],""sources"":[""https://www.etcconnect.com/Products/Lighting-Fixtures/"",""https://www.etcconnect.com/workarea/DownloadAsset.aspx?id=10737512649""]}",[],researched,assets/fixtures/etc/desire-d60,assets/fixtures/etc/desire-d60/fixture.json,docs/08 Fixture Library/entries/etc/desire-d60.md,assets/fixtures/etc/desire-d60/models/fixture.blend,assets/fixtures/etc/desire-d60/models/fixture.usdz,assets/fixtures/etc/desire-d60/validation/usdz.json
fos/4 Fresnel,fos/4 Fresnel,ETC,Fresnel,LED Fresnel,https://www.etcconnect.com/Products/Entertainment-Fixtures/fos/4-Fresnel/Documentation.aspx,"{""dimensions"":""435 x 313 x 356–505 mm (zoom retracted–extended)"",""protocols"":[""DMX"",""RDM"",""wireless DMX/RDM (Multiverse)""],""arrays"":[""Lustr X8"",""Daylight HDR""],""sources"":[""https://www.etcconnect.com/Products/Lighting-Fixtures/"",""https://www.etcconnect.com/Products/Entertainment-Fixtures/fos/4-Fresnel/Documentation.aspx""]}",[],researched,assets/fixtures/etc/fos-4-fresnel,assets/fixtures/etc/fos-4-fresnel/fixture.json,docs/08 Fixture Library/entries/etc/fos-4-fresnel.md,assets/fixtures/etc/fos-4-fresnel/models/fixture.blend,assets/fixtures/etc/fos-4-fresnel/models/fixture.usdz,assets/fixtures/etc/fos-4-fresnel/validation/usdz.json
Source Four LED Series 3 Lustr X8,S4LEDS3LS-0,ETC,Profile,ellipsoidal LED,https://www.etcconnect.com/Products/Entertainment-Fixtures/Source-Four-LED-Series-3/Documentation.aspx,"{""dimensions"":""721 x 340 x 340 mm maximum overall envelope (lens tube configuration dependent)"",""protocols"":[""DMX512"",""RDM"",""wireless DMX/RDM (Multiverse)""],""notable_specs"":{""array"":""Lustr X8"",""NFC"":true},""lifecycle"":""current"",""sources"":[""https://www.etcconnect.com/Products/Lighting-Fixtures/"",""https://www.etcconnect.com/webdocs/Fixtures/SourceFourLED_Series3/Content/S4S3/ConnectPowerAndData.htm"",""https://www.etcconnect.com/workarea/DownloadAsset.aspx?id=10737507137""]}","[""https://www.etcconnect.com/uploadedImages/Main_Site/Images/Products/Entertainment_Fixtures/Series3_Fresnel_Adapter_right_Red.png""]",researched,assets/fixtures/etc/source-four-led-series-3-lustr-x8,assets/fixtures/etc/source-four-led-series-3-lustr-x8/fixture.json,docs/08 Fixture Library/entries/etc/source-four-led-series-3-lustr-x8.md,assets/fixtures/etc/source-four-led-series-3-lustr-x8/models/fixture.blend,assets/fixtures/etc/source-four-led-series-3-lustr-x8/models/fixture.usdz,assets/fixtures/etc/source-four-led-series-3-lustr-x8/validation/usdz.json
impression X4 Bar 20,7665,GLP,Batten,moving wash bar,https://glp.de/en/products/discontinued/impression-x4-bar-20-en,"{""dimensions"":""240 mm head height; 100 mm head width; 1000 mm yoke width"",""weight"":""16 kg"",""power"":""400 W typical at 230 V; 100-240 VAC"",""protocols"":[""DMX"",""RDM""],""lifecycle"":""Discontinued manufacturer product page"",""source_urls"":[""https://glp.de/en/products/discontinued/impression-x4-bar-20-en""]}","[""https://glp.de/templates/yootheme/cache/86/impression-X4-Bar-20_Header-869049ce.png""]",ready_for_visualization,assets/fixtures/glp/impression-x4-bar-20,assets/fixtures/glp/impression-x4-bar-20/fixture.json,docs/08 Fixture Library/entries/glp/impression-x4-bar-20.md,assets/fixtures/glp/impression-x4-bar-20/models/fixture.blend,assets/fixtures/glp/impression-x4-bar-20/models/fixture.usdz,assets/fixtures/glp/impression-x4-bar-20/validation/usdz.json
impression X5,7795,GLP,Moving head,LED wash,https://glp.de/en/products/entertainment-lighting/moving-lights/impression-x5-en,"{""dimensions"":""402-434 H x 415 W x 290 D mm"",""weight"":""13.3 kg"",""power"":""710 W max at 230 V; 100-240 VAC"",""protocols"":[""DMX"",""Art-Net"",""sACN""],""source_urls"":[""https://glp.de/en/products/entertainment-lighting/moving-lights/impression-x5-en""]}","[""https://glp.de/templates/yootheme/cache/a9/impression-X5_Header-a92366da.png""]",ready_for_visualization,assets/fixtures/glp/impression-x5,assets/fixtures/glp/impression-x5/fixture.json,docs/08 Fixture Library/entries/glp/impression-x5.md,assets/fixtures/glp/impression-x5/models/fixture.blend,assets/fixtures/glp/impression-x5/models/fixture.usdz,assets/fixtures/glp/impression-x5/validation/usdz.json
impression X5 Bar 1000,7888,GLP,Batten,moving linear wash,https://glp.de/en/products/entertainment-lighting/moving-lights/impression-x5-bar-1000-en,"{""dimensions"":""296 H x 1000 W x 110 D mm"",""weight"":""20.2 kg"",""power"":""750 W max at 230 V; 100-240 VAC"",""protocols"":[""DMX"",""RDM"",""Art-Net"",""sACN""],""source_urls"":[""https://glp.de/en/products/entertainment-lighting/moving-lights/impression-x5-bar-1000-en""]}","[""https://glp.de/templates/yootheme/cache/96/impression-X5-Bar-1000_Header12-96c4ac35.png""]",ready_for_visualization,assets/fixtures/glp/impression-x5-bar-1000,assets/fixtures/glp/impression-x5-bar-1000/fixture.json,docs/08 Fixture Library/entries/glp/impression-x5-bar-1000.md,assets/fixtures/glp/impression-x5-bar-1000/models/fixture.blend,assets/fixtures/glp/impression-x5-bar-1000/models/fixture.usdz,assets/fixtures/glp/impression-x5-bar-1000/validation/usdz.json
impression X5 Compact,7794,GLP,Moving head,compact LED wash,https://glp.de/de/produkte/entertainment-lighting/moving-lights/impression-x5-compact,"{""dimensions"":""337 H x 250 W x 183 D mm"",""weight"":""7.5 kg"",""power"":""350 W max at 230 V; 100-240 VAC"",""protocols"":[""DMX"",""Art-Net"",""sACN""],""source_urls"":[""https://glp.de/de/produkte/entertainment-lighting/moving-lights/impression-x5-compact"",""https://glp.de/files/products/impression-x5-compact-product-data/GLP_impression-X5-Compact.pdf""]}","[""https://glp.de/templates/yootheme/cache/dc/impression-X5-Compact_Header-dc0173b5.png""]",ready_for_visualization,assets/fixtures/glp/impression-x5-compact,assets/fixtures/glp/impression-x5-compact/fixture.json,docs/08 Fixture Library/entries/glp/impression-x5-compact.md,assets/fixtures/glp/impression-x5-compact/models/fixture.blend,assets/fixtures/glp/impression-x5-compact/models/fixture.usdz,assets/fixtures/glp/impression-x5-compact/validation/usdz.json
JDC Line 500,JDC Line 500,GLP,Strobe / blinder,linear hybrid strobe,https://glp.de/de/produkte/entertainment-lighting/strobes/jdc-line-500,"{""dimensions"":""74 H x 507 W x 201.5 D mm"",""weight"":""6 kg"",""power"":""800 W max at 230 V; 100-240 VAC"",""protocols"":[""DMX"",""RDM"",""Art-Net"",""sACN""],""channels"":""16-158 depending on mode"",""source_urls"":[""https://glp.de/de/produkte/entertainment-lighting/strobes/jdc-line-500"",""https://glp.de/files/products/jdc-line-500-product-data/GLP_JDC-Line.pdf""]}","[""https://glp.de/templates/yootheme/cache/a5/JDC-Line-500_Header-a55722e1.png""]",ready_for_visualization,assets/fixtures/glp/jdc-line-500,assets/fixtures/glp/jdc-line-500/fixture.json,docs/08 Fixture Library/entries/glp/jdc-line-500.md,assets/fixtures/glp/jdc-line-500/models/fixture.blend,assets/fixtures/glp/jdc-line-500/models/fixture.usdz,assets/fixtures/glp/jdc-line-500/validation/usdz.json
JDC1,JDC1,GLP,Strobe / blinder,hybrid strobe,https://glp.de/en/products/entertainment-lighting/strobes/jdc1-en?ic=1,"{""dimensions"":""251 H x 390 W x 150 D mm"",""weight"":""11.6 kg"",""power"":""1200 W max at 230 V; 100-240 VAC"",""protocols"":[""DMX512-A"",""RDM""],""source_urls"":[""https://glp.de/en/products/entertainment-lighting/strobes/jdc1-en?ic=1"",""https://glp.de/files/products/jdc1-product-data/GLP_JDC1_User_Manual_EN_Rev20240830-01.pdf""]}","[""https://glp.de/templates/yootheme/cache/83/JDC1_1-83eb9208.jpeg""]",ready_for_visualization,assets/fixtures/glp/jdc1,assets/fixtures/glp/jdc1/fixture.json,docs/08 Fixture Library/entries/glp/jdc1.md,assets/fixtures/glp/jdc1/models/fixture.blend,assets/fixtures/glp/jdc1/models/fixture.usdz,assets/fixtures/glp/jdc1/validation/usdz.json
SolaFrame 3000,SolaFrame 3000,High End Systems,Profile,moving head framing,https://www.etcconnect.com/Products/Legacy/Live-Events-High-End-Systems/Lighting-Fixtures/SolaFrame/3000/Features.aspx,"{""dimensions"":""821 x 491 x 368 mm"",""protocols"":[""DMX""],""notable_specs"":{""dmx_protocol_document"":true},""sources"":[""https://www.highend.com/documentation/SolaFrame%203000/SolaFrame3000-protocol.pdf"",""https://www.etcconnect.com/support/Lighting_Fixtures/LED/FAQ/Fixture_Weights_and_Dimensions"",""https://www.etcconnect.com/workarea/DownloadAsset.aspx?id=10737506946""]}","[""https://www.etcconnect.com/uploadedImages/Main_Site/Images/High_End_Systems_Images/Lighting_Fixtures/SolaFrame/SolaFrame3000_prod_right_wht.jpg""]",researched,assets/fixtures/high-end-systems/solaframe-3000,assets/fixtures/high-end-systems/solaframe-3000/fixture.json,docs/08 Fixture Library/entries/high-end-systems/solaframe-3000.md,assets/fixtures/high-end-systems/solaframe-3000/models/fixture.blend,assets/fixtures/high-end-systems/solaframe-3000/models/fixture.usdz,assets/fixtures/high-end-systems/solaframe-3000/validation/usdz.json
SolaWash 2000,SolaWash 2000,High End Systems,Wash,moving head wash,https://www.etcconnect.com/Products/Legacy/Live-Events-High-End-Systems/Lighting-Fixtures/SolaWash/2000/Features.aspx,"{""dimensions"":""475 x 320 x 886 mm"",""power"":""600 W LED; 100–240 VAC, 50–60 Hz"",""protocols"":[""DMX""],""output"":""26,000 lm"",""zoom"":""5–55°"",""lifecycle"":""legacy"",""sources"":[""https://www.etcconnect.com/Products/Legacy/Live-Events-High-End-Systems/Lighting-Fixtures/"",""https://www.highend.com/"",""https://www.etcconnect.com/Products/Legacy/Live-Events-High-End-Systems/Lighting-Fixtures/SolaWash/2000/Documentation.aspx""]}","[""https://www.etcconnect.com/uploadedImages/Main_Site/Images/High_End_Systems_Images/Lighting_Fixtures/SolaWash/Solawash_2000_prod_left.jpg""]",researched,assets/fixtures/high-end-systems/solawash-2000,assets/fixtures/high-end-systems/solawash-2000/fixture.json,docs/08 Fixture Library/entries/high-end-systems/solawash-2000.md,assets/fixtures/high-end-systems/solawash-2000/models/fixture.blend,assets/fixtures/high-end-systems/solawash-2000/models/fixture.usdz,assets/fixtures/high-end-systems/solawash-2000/validation/usdz.json
Atomic 3000 LED,Atomic 3000 LED,Martin Professional (HARMAN),Strobe / blinder,LED strobe,https://www.martin.com/en-US/products/atomic-3000-led/,"{""dimensions"":""245 x 425 x 240 mm"",""protocols"":[""DMX"",""RDM""],""sources"":[""https://www.martin.com/en-US/products/atomic-3000-led"",""https://www.martin.com/en-US/products/atomic-3000-led/""]}","[""https://adn.harmanpro.com/product_attachments/product_attachments/4860_1728940592/Atomic3000_0013_vert_medium.jpg""]",researched,assets/fixtures/martin-professional-harman/atomic-3000-led,assets/fixtures/martin-professional-harman/atomic-3000-led/fixture.json,docs/08 Fixture Library/entries/martin-professional-harman/atomic-3000-led.md,assets/fixtures/martin-professional-harman/atomic-3000-led/models/fixture.blend,assets/fixtures/martin-professional-harman/atomic-3000-led/models/fixture.usdz,assets/fixtures/martin-professional-harman/atomic-3000-led/validation/usdz.json
ELP CL,ELP CL,Martin Professional (HARMAN),Profile,static LED ellipsoidal,https://www.martin.com/en-US/products/elp-cl,"{""dimensions"":""648 x 259 x 427 mm (with bracket)"",""protocols"":[""DMX"",""RDM""],""sources"":[""https://www.martin.com/en-US/products/elp-cl""]}","[""https://adn.harmanpro.com/productattachment/7028/product_attachment/x_large-7585204fdcb485b9e58a0edf39e1a50a.webp""]",researched,assets/fixtures/martin-professional-harman/elp-cl,assets/fixtures/martin-professional-harman/elp-cl/fixture.json,docs/08 Fixture Library/entries/martin-professional-harman/elp-cl.md,assets/fixtures/martin-professional-harman/elp-cl/models/fixture.blend,assets/fixtures/martin-professional-harman/elp-cl/models/fixture.usdz,assets/fixtures/martin-professional-harman/elp-cl/validation/usdz.json
MAC Aura XIP,MAC Aura XIP,Martin Professional (HARMAN),Wash,IP-rated creative moving head,https://www.martin.com/en-US/products/mac-aura-xip,"{""dimensions"":""338 x 421 x 226 mm maximum; base width 306 mm"",""protocols"":[""DMX"",""RDM"",""Art-Net"",""sACN"",""Martin P3""],""zoom"":""6.3–35.3° half-peak"",""ip_rating"":""IP54"",""sources"":[""https://www.martin.com/en-US/products/mac-aura-xip"",""https://www.martin.com/en-US/site_elements/mac-aura-xip-spec-sheet""]}","[""https://adn.harmanpro.com/productattachment/11621/product_attachment/x_large-b71745e5ebf2bb2d999d386e8a146768.webp""]",researched,assets/fixtures/martin-professional-harman/mac-aura-xip,assets/fixtures/martin-professional-harman/mac-aura-xip/fixture.json,docs/08 Fixture Library/entries/martin-professional-harman/mac-aura-xip.md,assets/fixtures/martin-professional-harman/mac-aura-xip/models/fixture.blend,assets/fixtures/martin-professional-harman/mac-aura-xip/models/fixture.usdz,assets/fixtures/martin-professional-harman/mac-aura-xip/validation/usdz.json
MAC One,MAC One,Martin Professional (HARMAN),Wash,beam wash moving head,https://www.martin.com/en-US/products/mac-one,"{""dimensions"":""349 x 254 x 220 mm maximum; width across yoke 226 mm"",""protocols"":[""DMX"",""RDM"",""Art-Net"",""sACN"",""Martin P3""],""sources"":[""https://www.martin.com/en-US/products/mac-one""]}","[""https://adn.harmanpro.com/productattachment/12285/product_attachment/x_large-d19708df6ba03b2c31e7e4119c02b81b.webp""]",researched,assets/fixtures/martin-professional-harman/mac-one,assets/fixtures/martin-professional-harman/mac-one/fixture.json,docs/08 Fixture Library/entries/martin-professional-harman/mac-one.md,assets/fixtures/martin-professional-harman/mac-one/models/fixture.blend,assets/fixtures/martin-professional-harman/mac-one/models/fixture.usdz,assets/fixtures/martin-professional-harman/mac-one/validation/usdz.json
MAC Ultra Performance,MAC Ultra Performance,Martin Professional (HARMAN),Profile,moving head framing,https://www.martin.com/en-US/products/mac-ultra-performance,"{""dimensions"":""876 x 520 x 660 mm maximum envelope; base depth 468 mm"",""protocols"":[""DMX"",""RDM"",""Art-Net"",""sACN""],""sources"":[""https://www.martin.com/en-US/products/mac-ultra-performance"",""https://www.martin.com/en-US/site_elements/martin-specifications-mac-ultra-performance-spec-sheet""]}","[""https://adn.harmanpro.com/productattachment/10081/product_attachment/x_large-e6a233739fa59758d3debd9dd6ca02fb.webp""]",researched,assets/fixtures/martin-professional-harman/mac-ultra-performance,assets/fixtures/martin-professional-harman/mac-ultra-performance/fixture.json,docs/08 Fixture Library/entries/martin-professional-harman/mac-ultra-performance.md,assets/fixtures/martin-professional-harman/mac-ultra-performance/models/fixture.blend,assets/fixtures/martin-professional-harman/mac-ultra-performance/models/fixture.usdz,assets/fixtures/martin-professional-harman/mac-ultra-performance/validation/usdz.json
MAC Ultra Wash,MAC Ultra Wash,Martin Professional (HARMAN),Wash,moving head wash,https://www.martin.com/en-US/products/mac-ultra-wash,"{""dimensions"":""867 x 520 x 642 mm maximum envelope; base depth 468 mm"",""protocols"":[""DMX"",""RDM"",""Art-Net"",""sACN""],""sources"":[""https://www.martin.com/en-US/products/mac-ultra-wash""]}","[""https://adn.harmanpro.com/productattachment/10090/product_attachment/x_large-8dcc99537c848fc1e113c0b4a0ac2458.webp""]",researched,assets/fixtures/martin-professional-harman/mac-ultra-wash,assets/fixtures/martin-professional-harman/mac-ultra-wash/fixture.json,docs/08 Fixture Library/entries/martin-professional-harman/mac-ultra-wash.md,assets/fixtures/martin-professional-harman/mac-ultra-wash/models/fixture.blend,assets/fixtures/martin-professional-harman/mac-ultra-wash/models/fixture.usdz,assets/fixtures/martin-professional-harman/mac-ultra-wash/validation/usdz.json
MAC Viper XIP,MAC Viper XIP,Martin Professional (HARMAN),Profile,IP-rated moving head profile,https://www.martin.com/en-US/products/mac-viper-xip,"{""dimensions"":""776 x 479 x 595 mm maximum envelope"",""protocols"":[""DMX"",""RDM"",""Art-Net"",""sACN""],""ip_rating"":""IP54"",""sources"":[""https://www.martin.com/en-US/products/mac-viper-xip""]}","[""https://adn.harmanpro.com/productattachment/12248/product_attachment/x_large-5847804c23b1f2f05fd8d8e5c6c9e674.webp""]",researched,assets/fixtures/martin-professional-harman/mac-viper-xip,assets/fixtures/martin-professional-harman/mac-viper-xip/fixture.json,docs/08 Fixture Library/entries/martin-professional-harman/mac-viper-xip.md,assets/fixtures/martin-professional-harman/mac-viper-xip/models/fixture.blend,assets/fixtures/martin-professional-harman/mac-viper-xip/models/fixture.usdz,assets/fixtures/martin-professional-harman/mac-viper-xip/validation/usdz.json
FORTE,FORTE,ROBE Lighting,Moving head,profile,https://www.robe.cz/forte,"{""dimensions"":""635.5 H x 483.5 W x 624.5 D mm; upright height 861 mm"",""protocols"":[""DMX"",""RDM"",""Art-Net"",""sACN""],""source_urls"":[""https://www.robe.cz/res/downloads/user_manuals/User_manual_Robin_Forte.pdf"",""https://www.robe.cz/forte""]}","[""https://cdn.aws.robe.cz/v1/image/resize/401bff822913a8182209a6ef40c594071b9596c2?fit=cover&height=452&width=452&withoutEnlargement=false""]",ready_for_visualization,assets/fixtures/robe-lighting/forte,assets/fixtures/robe-lighting/forte/fixture.json,docs/08 Fixture Library/entries/robe-lighting/forte.md,assets/fixtures/robe-lighting/forte/models/fixture.blend,assets/fixtures/robe-lighting/forte/models/fixture.usdz,assets/fixtures/robe-lighting/forte/validation/usdz.json
LEDBeam 350,LEDBeam 350,ROBE Lighting,Moving head,wide zoom wash,https://www.robe.cz/ledbeam-350,"{""dimensions"":""426 H x 320 W x 220 D mm (head vertical)"",""weight"":""9.85 kg"",""power"":""450 W max; 100-240 V, 50/60 Hz"",""protocols"":[""DMX"",""RDM"",""Art-Net"",""sACN""],""zoom"":""3.8-60 degrees"",""source_urls"":[""https://www.robe.cz/res/downloads/catalogues/ROBE_LEDBeam_350_leaflet_online_version.pdf"",""https://www.robe.cz/res/downloads/exterior_dimensions/RobinLEDBeam350-dimensions.pdf""]}","[""https://cdn.aws.robe.cz/v1/image/resize/7c16e7d0f45129d3a4fc9e6be99a5f1a32e0e115?fit=cover&height=452&width=452&withoutEnlargement=false""]",ready_for_visualization,assets/fixtures/robe-lighting/ledbeam-350,assets/fixtures/robe-lighting/ledbeam-350/fixture.json,docs/08 Fixture Library/entries/robe-lighting/ledbeam-350.md,assets/fixtures/robe-lighting/ledbeam-350/models/fixture.blend,assets/fixtures/robe-lighting/ledbeam-350/models/fixture.usdz,assets/fixtures/robe-lighting/ledbeam-350/validation/usdz.json
MegaPointe,MegaPointe,ROBE Lighting,Moving head,hybrid beam spot wash,https://www.robe.cz/megapointe,"{""dimensions"":""640 H x 396 W x 230 D mm"",""weight"":""22 kg"",""power"":""670 W max; 100-240 V, 50/60 Hz"",""protocols"":[""DMX"",""RDM"",""Art-Net"",""sACN""],""source_urls"":[""https://www.robe.cz/res/downloads/catalogues/ROBE_Product_Guide_2021_online_version.pdf"",""https://www.robe.cz/megapointe""]}","[""https://cdn.aws.robe.cz/v1/image/resize/025ed591ad67ff06e9dd82b461e0c345ba595d4a?fit=cover&height=452&width=452&withoutEnlargement=false""]",ready_for_visualization,assets/fixtures/robe-lighting/megapointe,assets/fixtures/robe-lighting/megapointe/fixture.json,docs/08 Fixture Library/entries/robe-lighting/megapointe.md,assets/fixtures/robe-lighting/megapointe/models/fixture.blend,assets/fixtures/robe-lighting/megapointe/models/fixture.usdz,assets/fixtures/robe-lighting/megapointe/validation/usdz.json
Pointe,Pointe,ROBE Lighting,Moving head,legacy hybrid,https://www.robe.cz/pointe,"{""dimensions"":""530 H x 400 W x 280 D mm"",""lifecycle"":""Discontinued (manufacturer product page)"",""protocols"":[""DMX"",""RDM"",""Art-Net"",""sACN""],""source_urls"":[""https://www.robe.cz/pointe"",""https://www.robe.cz/res/downloads/catalogues/ROBE_Product_Guide_2021_online_version.pdf""]}","[""https://cdn.aws.robe.cz/v1/image/resize/bacf4d213ec3c79f0b0fbc9128588eea91297efa?fit=cover&height=452&width=452&withoutEnlargement=false""]",ready_for_visualization,assets/fixtures/robe-lighting/pointe,assets/fixtures/robe-lighting/pointe/fixture.json,docs/08 Fixture Library/entries/robe-lighting/pointe.md,assets/fixtures/robe-lighting/pointe/models/fixture.blend,assets/fixtures/robe-lighting/pointe/models/fixture.usdz,assets/fixtures/robe-lighting/pointe/validation/usdz.json
Spiider,Spiider,ROBE Lighting,Moving head,LED wash beam,https://www.robe.cz/spiider,"{""dimensions"":""477 H x 390 W x 286 D mm (head vertical)"",""power"":""430 W"",""protocols"":[""DMX"",""RDM"",""Art-Net"",""sACN""],""source_urls"":[""https://www.robe.cz/spiider"",""https://www.robe.cz/res/downloads/exterior_dimensions/Robin_Spiider_dimensions.pdf"",""https://www.robe.cz/res/downloads/catalogues/ROBE_Spiider_leaflet_online_version.pdf""]}","[""https://cdn.aws.robe.cz/v1/image/resize/522fc31d583c077fe618dc267176f88d429255c2?fit=cover&height=452&width=452&withoutEnlargement=false""]",ready_for_visualization,assets/fixtures/robe-lighting/spiider,assets/fixtures/robe-lighting/spiider/fixture.json,docs/08 Fixture Library/entries/robe-lighting/spiider.md,assets/fixtures/robe-lighting/spiider/models/fixture.blend,assets/fixtures/robe-lighting/spiider/models/fixture.usdz,assets/fixtures/robe-lighting/spiider/validation/usdz.json
T1 Profile,T1 Profile,ROBE Lighting,Moving head,profile,https://www.robe.cz/t1-profile,"{""dimensions"":""542 H x 491 W x 344 D mm (head vertical)"",""protocols"":[""DMX"",""RDM"",""Art-Net"",""sACN""],""source_urls"":[""https://cdn.aws.robe.cz/print/en_product_654.pdf"",""https://www.robe.cz/t1-profile""]}","[""https://cdn.aws.robe.cz/v1/image/resize/422fbc138a8a68463837f9885cdfbffbc5076d0a?fit=cover&height=452&width=452&withoutEnlargement=false""]",ready_for_visualization,assets/fixtures/robe-lighting/t1-profile,assets/fixtures/robe-lighting/t1-profile/fixture.json,docs/08 Fixture Library/entries/robe-lighting/t1-profile.md,assets/fixtures/robe-lighting/t1-profile/models/fixture.blend,assets/fixtures/robe-lighting/t1-profile/models/fixture.usdz,assets/fixtures/robe-lighting/t1-profile/validation/usdz.json
VL2600 SPOT,VL2600 SPOT,Vari-Lite,Spot,moving head spot,https://www.vari-lite.com/global/products/vl2600-spot,"{""dimensions"":""464 x 300 x 715 mm"",""weight"":""32 kg"",""power"":""approx. 820 W; 550 W LED engine"",""protocols"":[""DMX""],""output"":""19,000 lm"",""zoom"":""7–<48°"",""sources"":[""https://www.vari-lite.com/global/products/vl2600-spot"",""https://www.vari-lite.com/b-dam/vari-lite/products/vl2600-wash/guides-and-manuals/vl2600-series_user-manual.pdf""]}","[""https://www.vari-lite.com/b-dam/vari-lite/products/vl2600-spot/vl2600-spot-thumbnail.jpg""]",researched,assets/fixtures/vari-lite/vl2600-spot,assets/fixtures/vari-lite/vl2600-spot/fixture.json,docs/08 Fixture Library/entries/vari-lite/vl2600-spot.md,assets/fixtures/vari-lite/vl2600-spot/models/fixture.blend,assets/fixtures/vari-lite/vl2600-spot/models/fixture.usdz,assets/fixtures/vari-lite/vl2600-spot/validation/usdz.json
VL3600 PROFILE IP,VL3600 PROFILE IP,Vari-Lite,Profile,moving head profile,https://www.vari-lite.com/global/products/vl3600-profile-ip,"{""dimensions"":""560 x 799 x 340 mm"",""power"":""1000 W LED engine"",""protocols"":[""DMX512"",""RDM"",""wireless DMX/RDM (CRMX)""],""output"":""45,000 lm fixture; 85,000 source lm"",""ip_rating"":""IP65"",""sources"":[""https://www.vari-lite.com/global/products/vl3600-profile-ip"",""https://vari-lite.s3.eu-west-1.amazonaws.com/datasheets/VL3600-PROFILE-IP.pdf""]}","[""https://www.vari-lite.com/b-dam/vari-lite/products/vl3600-profile-ip/vl3600-profile-ip_thumb.jpg""]",researched,assets/fixtures/vari-lite/vl3600-profile-ip,assets/fixtures/vari-lite/vl3600-profile-ip/fixture.json,docs/08 Fixture Library/entries/vari-lite/vl3600-profile-ip.md,assets/fixtures/vari-lite/vl3600-profile-ip/models/fixture.blend,assets/fixtures/vari-lite/vl3600-profile-ip/models/fixture.usdz,assets/fixtures/vari-lite/vl3600-profile-ip/validation/usdz.json
VL5LED WASH,VL5LED WASH,Vari-Lite,Wash,creative moving head wash,https://www.vari-lite.com/global/vl5led-series,"{""dimensions"":""367 x 578 x 360 mm"",""protocols"":[""DMX""],""engine"":""RGBALC"",""features"":[""Dichro*fusion blades"",""motorized zoom"",""blade LEDs""],""sources"":[""https://www.vari-lite.com/global/vl5led-series"",""https://vari-lite.s3.eu-west-1.amazonaws.com/datasheets/Vari-Lite/VL5LED_WASH.pdf""]}",[],researched,assets/fixtures/vari-lite/vl5led-wash,assets/fixtures/vari-lite/vl5led-wash/fixture.json,docs/08 Fixture Library/entries/vari-lite/vl5led-wash.md,assets/fixtures/vari-lite/vl5led-wash/models/fixture.blend,assets/fixtures/vari-lite/vl5led-wash/models/fixture.usdz,assets/fixtures/vari-lite/vl5led-wash/validation/usdz.json
