id,parent_id,name,is_leaf,definition,coverage,asset_count,path,asset_ids,research_candidates
lighting,,Lighting fixtures,False,,represented,191,Lighting fixtures,[],[]
lighting.static,lighting,Static and manually focused,False,,represented,40,Lighting fixtures > Static and manually focused,[],[]
lighting.static.profile,lighting.static,Profile / ellipsoidal (ERS),True,Shutter/gobo image-forming theatre profile; fixed or zoom lens.,represented,4,Lighting fixtures > Static and manually focused > Profile / ellipsoidal (ERS),"[""etc/colorsource-spot-v"", ""etc/source-four-led-series-3-lustr-x8"", ""martin-professional-harman/elp-cl"", ""etc/colorsource-spot-jr""]","[{""id"": ""etc/source-four-36"", ""reason"": ""DMX or network lighting control compatibility has not been verified; Power, lamp type options, accessory kit and current/legacy availability were not resolved from a current model-specific specification sheet"", ""category_id"": ""lighting.static.profile"", ""stage"": ""research"", ""official_url"": ""https://www.etcconnect.com/Products/Entertainment-Fixtures/Source-Four/"", ""name"": ""Source Four 36°"", ""manufacturer"": ""ETC"", ""source_images"": [""https://www.etcconnect.com/uploadedImages/Main_Site/Images/Products/Lighting_Fixtures/Source_Four/S4_clip.jpg""], ""reference_asset"": """"}]"
lighting.static.fresnel,lighting.static,Fresnel wash,True,"Stepped Fresnel optic, soft-edged wash; source technology is a facet.",represented,4,Lighting fixtures > Static and manually focused > Fresnel wash,"[""elation-professional/kl-fresnel-8"", ""etc/colorsource-fresnel-v"", ""etc/fos-4-fresnel"", ""etc/desire-fresnel-7""]",[]
lighting.static.pc,lighting.static,Plano-convex / pebble-convex (PC),True,"Actual PC optic, not an ERS used as a substitute.",represented,1,Lighting fixtures > Static and manually focused > Plano-convex / pebble-convex (PC),"[""robert-juliat/lutin-306lpc""]",[]
lighting.static.par,lighting.static,PAR and compact wash,True,Conventional PAR bodies and LED PAR-style washes; lamp type remains a facet.,represented,10,Lighting fixtures > Static and manually focused > PAR and compact wash,"[""adj/7p-hex-ip"", ""etc/desire-d60"", ""adj/encore-lp12z-ip"", ""etc/colorsource-par"", ""chauvet-professional/colordash-par-h7x"", ""chauvet-professional/colordash-par-h12x-ip"", ""chauvet-professional/colordash-par-quad-18"", ""altman-lighting/altman-par64-al"", ""astera/ax5-triplepar"", ""etc/colorsource-par-jr""]","[{""id"": ""showtec/compact-par-7-tri"", ""reason"": ""An exact-model product reference image is unavailable; Highlite/Showtec product-page lookup for order code 42580 redirects to predecessor 42579 imagery; no exact 42580 fixture still was verified. Official manual confirms dimensions and capabilities"", ""category_id"": ""lighting.static.par"", ""stage"": ""research"", ""official_url"": ""https://www.highlite.com/media/attachments/MANUAL/42580_MANUAL_GB_V2.pdf"", ""name"": ""Compact Par 7 Tri"", ""manufacturer"": ""Showtec"", ""source_images"": [], ""reference_asset"": """"}, {""id"": ""eliminator-lighting/mega-hex-l-par"", ""reason"": ""Manufacturer product page conflicts with an official launch blog on dimensions and weight; current detailed spec used but dimensional drawing should resolve the discrepancy before scaled modeling"", ""category_id"": ""lighting.static.par"", ""stage"": ""research"", ""official_url"": ""https://www.eliminatorlighting.com/products/mega-hex-l-par-led-par"", ""name"": ""Mega Hex L Par"", ""manufacturer"": ""Eliminator Lighting"", ""source_images"": [""https://www.eliminatorlighting.com/cdn/shop/files/4159e8a2c0012240c4677fa722297846809d78c3_MEG420__IMG__009__da60ac58c502.jpg?v=1777055798&width=2048""], ""reference_asset"": """"}, {""id"": ""shehds/aluminum-alloy-flat-par-18x18w"", ""reason"": ""Official page provides an unlabeled 20 x 20 x 8 cm size triplet; exact yoke-inclusive orientation should be checked against the linked dimension illustration before scaled asset creation"", ""category_id"": ""lighting.static.par"", ""stage"": ""research"", ""official_url"": ""https://uk.shehds.com/products/aluminum-alloy-led-flat-par-18x18w-lighting-dj-par-cans-dmx-512-light-wash-stage-lighting"", ""name"": ""Aluminum Alloy Flat Par 18x18W"", ""manufacturer"": ""SHEHDS"", ""source_images"": [""https://uk.shehds.com/cdn/shop/files/IMG_50160_de6c8db8-0d2a-46a4-a17f-b716ee4534d7.jpg?v=1762573413&width=416""], ""reference_asset"": """"}]"
lighting.static.cyc,lighting.static,Cyclorama / asymmetric wall wash,True,Dedicated cyc/floor-wall optics; striplight use tags may overlap.,represented,1,Lighting fixtures > Static and manually focused > Cyclorama / asymmetric wall wash,"[""etc/colorsource-cyc-floor""]",[]
lighting.static.flood,lighting.static,Flood / scoop / area light,True,Broad area illumination; worklight and house-light application tags are separate.,represented,1,Lighting fixtures > Static and manually focused > Flood / scoop / area light,"[""altman-lighting/altman-scoop-153""]",[]
lighting.static.beam,lighting.static,Pinspot / fixed beam / ACL,True,"Fixed narrow-beam function, distinct from audience blinder.",represented,2,Lighting fixtures > Static and manually focused > Pinspot / fixed beam / ACL,"[""adj/adj-pinspot-led-ii"", ""adj/saber-spot-dtw""]",[]
lighting.static.batten,lighting.static,Linear batten / striplight,True,Rigid linear source; independently addressable pixels are a capability.,represented,11,Lighting fixtures > Static and manually focused > Linear batten / striplight,"[""adj/led-bar"", ""chauvet-professional/colorado-solo-batten"", ""chauvet-professional/colordash-batten-quad-6"", ""elation-professional/sixbar-1000"", ""elation-professional/sixbar-500"", ""elation-professional/vbar-270"", ""chroma-q/color-force-ii-12"", ""chroma-q/color-force-ii-48"", ""chroma-q/color-force-ii-72"", ""chroma-q/color-force-3-72"", ""eurolite/led-kls-120-compact-light-set""]","[{""id"": ""claypaky/volero-twins"", ""reason"": ""DMX or network lighting control compatibility has not been verified; Current fixture geometry flags cannot represent the independently articulated dual-engine/endless-pan assembly; supported-family preview would materially misrepresent the movement geometry"", ""category_id"": ""lighting.static.batten"", ""stage"": ""research"", ""official_url"": ""https://www.claypaky.it/products/volero-twins/"", ""name"": ""Volero Twins"", ""manufacturer"": ""Claypaky"", ""source_images"": [""https://www.claypaky.it/wp-content/uploads/2025/06/Claypaky_VoleroTwins_featured.jpg""], ""reference_asset"": """"}]"
lighting.static.tube,lighting.static,Luminous tube,True,Visible tubular source; integral or separate controller specified per product.,represented,3,Lighting fixtures > Static and manually focused > Luminous tube,"[""adj/led-pixel-tube-360"", ""astera/titan-tube"", ""astera/helios-tube""]",[]
lighting.static.pixel_tape,lighting.static,Flexible pixel tape / scenic pixels,True,Flexible tape or distributed pixel modules; driver is a separate dependency.,represented,1,Lighting fixtures > Static and manually focused > Flexible pixel tape / scenic pixels,"[""elation-professional/pixel-tape-16ip""]",[]
lighting.static.practical,lighting.static,Practical / decorative / handheld,True,"Visible lamps, bulbs and practical luminaires. Bulb-only records explicitly exclude socket/shade.",represented,1,Lighting fixtures > Static and manually focused > Practical / decorative / handheld,"[""astera/nyx-bulb""]",[]
lighting.static.uv,lighting.static,Dedicated UV / blacklight,True,Purpose-built UV effect fixture; an RGBWAUV wash is not automatically a dedicated UV fixture.,represented,1,Lighting fixtures > Static and manually focused > Dedicated UV / blacklight,"[""adj/uv-flood-36""]",[]
lighting.moving,lighting,Automated lighting,False,,represented,135,Lighting fixtures > Automated lighting,[],[]
lighting.moving.profile,lighting.moving,Framing profile,True,Automated image-forming fixture with framing shutters.,represented,44,Lighting fixtures > Automated lighting > Framing profile,"[""claypaky/arolla-profile-mp"", ""high-end-systems/solaframe-3000"", ""martin-professional-harman/mac-ultra-performance"", ""martin-professional-harman/mac-viper-xip"", ""robe-lighting/forte"", ""robe-lighting/t1-profile"", ""vari-lite/vl3600-profile-ip"", ""high-end-systems/solaframe-1000"", ""high-end-systems/solaframe-2000"", ""robe-lighting/iforte"", ""claypaky/sinfonya-profile-600"", ""martin-professional-harman/mac-viper-performance"", ""vari-lite/vl800-eventprofile"", ""elation-professional/proteus-maximus"", ""cameo/opus-x4"", ""jb-lighting/p18-profile-mk2-hp"", ""ayrton/rivale-profile"", ""high-end-systems/lonestar-prime"", ""sgm/g-7-spot"", ""martin-professional-harman/mac-encore-performance-cld"", ""martin-professional-harman/mac-encore-performance-wrm"", ""ayrton/stradale-profile"", ""robe-lighting/ledpointe"", ""robe-lighting/painte"", ""robe-lighting/cuete"", ""elation-professional/proteus-lucius"", ""cameo/opus-x4-ip"", ""acme/mana-profile"", ""high-end-systems/lonestar"", ""claypaky/arolla-aqua"", ""martin-professional-harman/mac-encore-two"", ""ayrton/mistral-s"", ""ayrton/mistral-tc"", ""ayrton/diablo-profile-s"", ""ayrton/diablo-profile-tc"", ""ayrton/eurus-profile-s"", ""ayrton/eurus-profile-tc"", ""ayrton/khamsin-s"", ""ayrton/khamsin-tc"", ""ayrton/perseo-beam"", ""ayrton/perseo-profile-s"", ""ayrton/perseo-profile-tc"", ""ayrton/veloce-profile"", ""martin-professional-harman/mac-2000-profile""]","[{""id"": ""adj/focus-profile"", ""reason"": ""Manufacturer press materials list a slightly different overall height (651 mm); used current product-page labeled height of 664 mm pending drawing review"", ""category_id"": ""lighting.moving.profile"", ""stage"": ""research"", ""official_url"": ""https://www.adj.com/products/focus-profile"", ""name"": ""Focus Profile"", ""manufacturer"": ""ADJ"", ""source_images"": [""https://www.adj.com/cdn/shop/files/95c87d869385c2223fa9dd5b36e2645fe9591eac_FOC858__IMG__001__1590fcba5b07.jpg?v=1776751351""], ""reference_asset"": """"}, {""id"": ""claypaky/arolla-aqua-lt"", ""reason"": ""A sourced assembled width, height and depth have not all been established; DMX or network lighting control compatibility has not been verified; An exact-model product reference image is unavailable; Official index exposes several product codes but not enough exact-model technical data or isolated product imagery to split and build the variants reliably"", ""category_id"": ""lighting.moving.profile"", ""stage"": ""research"", ""official_url"": ""https://www.claypaky.it/products/arolla-aqua-lt/"", ""name"": ""Arolla Aqua LT"", ""manufacturer"": ""Claypaky"", ""source_images"": [], ""reference_asset"": """"}, {""id"": ""claypaky/arolla-aqua-hp"", ""reason"": ""A sourced assembled width, height and depth have not all been established; DMX or network lighting control compatibility has not been verified; An exact-model product reference image is unavailable; Official index lists HP and framing-system variants, but exact technical data, dimensions, controls and exact-model product imagery were not captured; model codes remain unsplit"", ""category_id"": ""lighting.moving.profile"", ""stage"": ""research"", ""official_url"": ""https://www.claypaky.it/products/arolla-aqua-hp/"", ""name"": ""Arolla Aqua HP"", ""manufacturer"": ""Claypaky"", ""source_images"": [], ""reference_asset"": """"}, {""id"": ""martin-professional-harman/mac-250-entour"", ""reason"": ""An exact-model product reference image is unavailable; Exact official still-image asset URL remains unresolved. Power is optional metadata and remains null"", ""category_id"": ""lighting.moving.profile"", ""stage"": ""research"", ""official_url"": ""https://www.martin.com/en-US/products/mac-250-entour"", ""name"": ""MAC 250 Entour"", ""manufacturer"": ""Martin Professional (HARMAN)"", ""source_images"": [], ""reference_asset"": """"}, {""id"": ""martin-professional-harman/mac-700-profile"", ""reason"": ""DMX/network compatibility or an explicit visual-inventory-only control dependency has not been verified; An exact-model product reference image is unavailable; Exact official still-image asset URL remains unresolved. Protocol/channel count and power are optional metadata and remain null"", ""category_id"": ""lighting.moving.profile"", ""stage"": ""research"", ""official_url"": ""https://www.martin.com/en-US/products/mac-700-profile"", ""name"": ""MAC 700 Profile"", ""manufacturer"": ""Martin Professional (HARMAN)"", ""source_images"": [], ""reference_asset"": """"}, {""id"": ""martin-professional-harman/mac-2000-performance"", ""reason"": ""A sourced assembled width, height and depth have not all been established; DMX/network compatibility or an explicit visual-inventory-only control dependency has not been verified; An exact-model product reference image is unavailable; Dimensions and exact official still-image asset remain unresolved. Mass, power and channel count are optional metadata and remain null"", ""category_id"": ""lighting.moving.profile"", ""stage"": ""research"", ""official_url"": ""https://www.martin.com/en-US/products/mac-2000-performance"", ""name"": ""MAC 2000 Performance"", ""manufacturer"": ""Martin Professional (HARMAN)"", ""source_images"": [], ""reference_asset"": """"}, {""id"": ""claypaky/alpha-profile-1500"", ""reason"": ""An exact-model product reference image is unavailable; A direct manufacturer-hosted brochure and exact standalone official still image were not found; cited brochure remains explicitly secondary"", ""category_id"": ""lighting.moving.profile"", ""stage"": ""research"", ""official_url"": ""https://www.claypaky.it/en/news/clay-paky-new-products-plasa-2010/"", ""name"": ""Alpha Profile 1500"", ""manufacturer"": ""Claypaky"", ""source_images"": [], ""reference_asset"": """"}]"
lighting.moving.spot,lighting.moving,Spot / gobo projector,True,Moving image-forming spotlight without a primary framing-profile designation.,represented,15,Lighting fixtures > Automated lighting > Spot / gobo projector,"[""adj/focus-spot-4z"", ""chauvet-professional/rogue-r1x-spot"", ""claypaky/arolla-spot-mp"", ""elation-professional/fuze-sfx"", ""vari-lite/vl2600-spot"", ""chauvet-dj/intimidator-spot-375zx"", ""eliminator-lighting/stealth-spot"", ""chauvet-dj/intimidator-spot-360x"", ""chauvet-dj/intimidator-spot-475zx"", ""eurolite/led-tmh-s30-moving-head-spot"", ""adj/focus-spot-6z"", ""showtec/phantom-100-spot"", ""showtec/phantom-65"", ""ayrton/argo-6-fx"", ""robe-lighting/colorspot-250-at""]","[{""id"": ""adj/focus-spot-2x"", ""reason"": ""Dimensions are published as L x W x H; horizontal optical-axis neutral pose still needs drawing review"", ""category_id"": ""lighting.moving.spot"", ""stage"": ""research"", ""official_url"": ""https://www.adj.com/products/focus-spot-2x"", ""name"": ""Focus Spot 2X"", ""manufacturer"": ""ADJ"", ""source_images"": [""https://www.adj.com/cdn/shop/files/cffa87279540b47b2796892ec09160b02c81ac1b_FOC286__IMG__001__30ff922d16bc.jpg?v=1776712405""], ""reference_asset"": """"}, {""id"": ""blizzard-lighting/spotman"", ""reason"": ""Official dimensions are an unlabelled three-value tuple; axis mapping remains unresolved"", ""category_id"": ""lighting.moving.spot"", ""stage"": ""research"", ""official_url"": ""https://www.blizzardpro.com/products/spotman"", ""name"": ""Spotman"", ""manufacturer"": ""Blizzard Lighting"", ""source_images"": [""https://cdn.prod.website-files.com/63c80568891bfe007679d3f3/65959c11bb6e93958d18d3d2_products%252F1978%252Fimages%252FSPOTMAN_USB_1440x1440.webp""], ""reference_asset"": """"}, {""id"": ""eurolite/led-tmh-13-moving-head-spot"", ""reason"": ""A sourced assembled width, height and depth have not all been established; Exact-model DMX evidence and image are located, but dimensions, weight and power were not captured; do not scale until sourced"", ""category_id"": ""lighting.moving.spot"", ""stage"": ""research"", ""official_url"": ""https://www.steinigke.de/mpn51785972-eurolite-led-tmh-13-moving-head-spot.html"", ""name"": ""LED TMH-13 Moving-Head Spot"", ""manufacturer"": ""Eurolite"", ""source_images"": [""https://media.steinigke.de/images/7640p/85/51785972a.webp""], ""reference_asset"": """"}, {""id"": ""blizzard-lighting/g-max-200"", ""reason"": ""A sourced assembled width, height and depth have not all been established; Official page dimensions are an unlabelled 21.7 x 9.8 x 15 in tuple; axis mapping remains unresolved"", ""category_id"": ""lighting.moving.spot"", ""stage"": ""research"", ""official_url"": ""https://www.blizzardpro.com/products/g-max-200"", ""name"": ""G-Max 200"", ""manufacturer"": ""Blizzard Lighting"", ""source_images"": [""https://cdn.prod.website-files.com/63c80568891bfe007679d3f3/64594570f4752d055aff8cde_products%252F1962%252Fimages%252FG-Max-200-P1-Right---Blue--main_1440x1440.webp""], ""reference_asset"": """"}, {""id"": ""blizzard-lighting/hype-150"", ""reason"": ""A sourced assembled width, height and depth have not all been established; Page gives an unlabeled three-axis size string; exact axis mapping and dimensioned drawing are needed before assigning scale"", ""category_id"": ""lighting.moving.spot"", ""stage"": ""research"", ""official_url"": ""https://www.blizzardpro.com/products/hype-150"", ""name"": ""Hype 150"", ""manufacturer"": ""Blizzard Lighting"", ""source_images"": [""https://cdn.prod.website-files.com/63c80568891bfe007679d3f3/64ff39b2d2d7afbb6e4702f7_products%252F3170%252Fimages%252FHype-150---P2-Magenta-Right_1440x1440.webp""], ""reference_asset"": """"}, {""id"": ""adj/dj-spot-led"", ""reason"": ""A sourced assembled width, height and depth have not all been established; The official page publishes three labeled dimensions but the reference-axis orientation has not been reconciled with the fixture drawing; dimensions remain null pending pose mapping"", ""category_id"": ""lighting.moving.spot"", ""stage"": ""research"", ""official_url"": ""https://www.adj.com/products/dj-spot-led"", ""name"": ""DJ Spot LED"", ""manufacturer"": ""ADJ"", ""source_images"": [""https://www.adj.com/cdn/shop/files/145192469264cb21035127d693ab0cb00286b174_DJS613__IMG__001__e8c051d82f89.jpg?v=1776713221&width=2048""], ""reference_asset"": """"}, {""id"": ""martin-professional-harman/mac-250-krypton"", ""reason"": ""An exact-model product reference image is unavailable; Exact official still-image asset URL remains unresolved. DMX channel count and power are optional metadata and remain null"", ""category_id"": ""lighting.moving.spot"", ""stage"": ""research"", ""official_url"": ""https://www.martin.com/en-US/products/mac-250-krypton"", ""name"": ""MAC 250 Krypton"", ""manufacturer"": ""Martin Professional (HARMAN)"", ""source_images"": [], ""reference_asset"": """"}, {""id"": ""robe-lighting/colorspot-575-at"", ""reason"": ""An exact-model product reference image is unavailable; Exact official still-image URL not transcribed from brochure"", ""category_id"": ""lighting.moving.spot"", ""stage"": ""research"", ""official_url"": ""https://www.robe.cz/res/downloads/catalogues/ColorSpot_575_AT_leaflet.pdf"", ""name"": ""ColorSpot 575 AT"", ""manufacturer"": ""Robe Lighting"", ""source_images"": [], ""reference_asset"": """"}, {""id"": ""claypaky/alpha-spot-hpe-1500"", ""reason"": ""An exact-model product reference image is unavailable; Direct manufacturer-hosted brochure and exact product still image not found; series brochure is labeled secondary"", ""category_id"": ""lighting.moving.spot"", ""stage"": ""research"", ""official_url"": ""https://www.claypaky.it/en/news/clay-paky-new-products-plasa-2010/"", ""name"": ""Alpha Spot HPE 1500"", ""manufacturer"": ""Claypaky"", ""source_images"": [], ""reference_asset"": """"}]"
lighting.moving.wash,lighting.moving,Wash,True,"Moving soft coverage, including multi-emitter zoom wash.",represented,50,Lighting fixtures > Automated lighting > Wash,"[""adj/stryker-wash"", ""chauvet-professional/maverick-mk2-wash"", ""chauvet-professional/rogue-r2-wash"", ""claypaky/hy-b-eye-k25"", ""elation-professional/fuze-wash-500"", ""glp/impression-x5"", ""glp/impression-x5-compact"", ""high-end-systems/solawash-2000"", ""martin-professional-harman/mac-aura-xip"", ""martin-professional-harman/mac-one"", ""martin-professional-harman/mac-ultra-wash"", ""robe-lighting/ledbeam-350"", ""robe-lighting/spiider"", ""vari-lite/vl5led-wash"", ""martin-professional-harman/mac-aura"", ""vari-lite/vl2600-se-wash"", ""claypaky/mini-b"", ""glp/impression-x5-ip-maxx"", ""jb-lighting/sparx-12"", ""jb-lighting/sparx-18"", ""jb-lighting/sparx-30"", ""vari-lite/vl10-beamwash"", ""chauvet-dj/intimidator-wash-zoom-450-irc"", ""chauvet-dj/sentinel-wash-q120"", ""sgm/g-4-wash"", ""adj/focus-flex-l7"", ""martin-professional-harman/mac-encore-wash-wrm"", ""martin-professional-harman/mac-encore-wash-cld"", ""martin-professional-harman/mac-aura-xb"", ""ayrton/rivale-wash"", ""martin-professional-harman/mac-aura-pxl"", ""ayrton/zonda-3-fx"", ""ayrton/nando-502-wash"", ""adj/focus-wash-400"", ""chauvet-professional/rogue-r3x-wash"", ""claypaky/b-eye-7"", ""claypaky/b-eye-k30"", ""martin-professional-harman/mac-aura-raven-xip"", ""ayrton/levante-s"", ""ayrton/levante-tc"", ""ayrton/zonda-3-wash"", ""ayrton/bora-s"", ""ayrton/bora-tc"", ""ayrton/veloce-wash"", ""ayrton/argo-6-wash"", ""robe-lighting/ledbeam-150"", ""claypaky/volero-cube"", ""robe-lighting/colorwash-250-at"", ""robe-lighting/colorwash-575-at"", ""martin-professional-harman/mac-2000-wash""]","[{""id"": ""chauvet-dj/intimidator-wash-led-150"", ""reason"": ""A sourced assembled width, height and depth have not all been established; Exact DMX channel counts are documented, but weight, assembled dimensions, power and image-link verification are incomplete; dimensions remain null"", ""category_id"": ""lighting.moving.wash"", ""stage"": ""research"", ""official_url"": ""https://www.chauvetdj.com/products/intimidator-wash-led-150/"", ""name"": ""Intimidator Wash LED 150"", ""manufacturer"": ""CHAUVET DJ"", ""source_images"": [""https://www.chauvetdj.com/wp-content/uploads/2016/02/cat-Intimidator-Wash-LED-150.jpg""], ""reference_asset"": """"}, {""id"": ""blizzard-lighting/typhon-ip-kaleido"", ""reason"": ""A sourced assembled width, height and depth have not all been established; An exact-model product reference image is unavailable; Exact model still image, mass, power and dimensional drawing were not captured; preserve as a source-backed candidate pending exact geometry and physical envelope"", ""category_id"": ""lighting.moving.wash"", ""stage"": ""research"", ""official_url"": ""https://www.blizzardpro.com/products/typhon-ip-kaleido"", ""name"": ""Typhon IP Kaleido"", ""manufacturer"": ""Blizzard Lighting"", ""source_images"": [], ""reference_asset"": """"}, {""id"": ""blizzard-lighting/typhon-ip-bsw-400"", ""reason"": ""A sourced assembled width, height and depth have not all been established; An exact-model product reference image is unavailable; Exact image URL, weight, power draw and dimensions remain unresolved; one 23-channel mode and DMX/RDM support are manufacturer-listed"", ""category_id"": ""lighting.moving.wash"", ""stage"": ""research"", ""official_url"": ""https://www.blizzardpro.com/products/typhon-ip-bsw-400"", ""name"": ""Typhon IP BSW 400"", ""manufacturer"": ""Blizzard Lighting"", ""source_images"": [], ""reference_asset"": """"}, {""id"": ""eliminator-lighting/stryker-max"", ""reason"": ""A sourced assembled width, height and depth have not all been established; Official product page gives conflicting metric/inch dimensions; resolve against its linked drawing before assigning scale"", ""category_id"": ""lighting.moving.wash"", ""stage"": ""research"", ""official_url"": ""https://www.eliminatorlighting.com/products/stryker-max"", ""name"": ""Stryker Max"", ""manufacturer"": ""Eliminator Lighting"", ""source_images"": [""https://www.eliminatorlighting.com/cdn/shop/files/9499a31e22acf792c5932d479b359bcfcadfb2a6_STR250__IMG__001__563cfb3aa787.jpg?v=1777055794&width=2048""], ""reference_asset"": """"}, {""id"": ""acme/tornado"", ""reason"": ""Five individual head pivot coordinates and their swept clearance are not dimensioned in the page drawing; overall neutral envelope is known, articulation geometry needs a dimensioned CAD model/manual review"", ""category_id"": ""lighting.moving.wash"", ""stage"": ""research"", ""official_url"": ""https://en.acmelighting.com/item/TORNADO"", ""name"": ""TORNADO"", ""manufacturer"": ""ACME"", ""source_images"": [""https://en.acmelighting.com/upload/image/20250226/86c534cc35f7551fd231d49b777da246.png""], ""reference_asset"": """"}, {""id"": ""claypaky/arolla-aqua-wash-hc"", ""reason"": ""A sourced assembled width, height and depth have not all been established; DMX or network lighting control compatibility has not been verified; An exact-model product reference image is unavailable; Official product page identifies PC and Fresnel optical variants but exact-model images, dimensions and variant-specific control/specification data were not captured"", ""category_id"": ""lighting.moving.wash"", ""stage"": ""research"", ""official_url"": ""https://www.claypaky.it/products/arolla-aqua-wash-hc/"", ""name"": ""Arolla Aqua Wash HC"", ""manufacturer"": ""Claypaky"", ""source_images"": [], ""reference_asset"": """"}, {""id"": ""martin-professional-harman/mac-250-wash"", ""reason"": ""An exact-model product reference image is unavailable; Exact official still-image asset URL remains unresolved"", ""category_id"": ""lighting.moving.wash"", ""stage"": ""research"", ""official_url"": ""https://www.martin.com/en-US/products/MAC-250-Wash"", ""name"": ""MAC 250 Wash"", ""manufacturer"": ""Martin Professional (HARMAN)"", ""source_images"": [], ""reference_asset"": """"}, {""id"": ""martin-professional-harman/mac-600"", ""reason"": ""An exact-model product reference image is unavailable; Exact official still-image asset URL remains unresolved"", ""category_id"": ""lighting.moving.wash"", ""stage"": ""research"", ""official_url"": ""https://www.martin.com/en-US/products/mac-600"", ""name"": ""MAC 600"", ""manufacturer"": ""Martin Professional (HARMAN)"", ""source_images"": [], ""reference_asset"": """"}, {""id"": ""martin-professional-harman/mac-700-wash"", ""reason"": ""A sourced assembled width, height and depth have not all been established; DMX/network compatibility or an explicit visual-inventory-only control dependency has not been verified; An exact-model product reference image is unavailable; Dimensions and exact official still-image asset remain unresolved. Weight, power and channel count are optional metadata and remain null"", ""category_id"": ""lighting.moving.wash"", ""stage"": ""research"", ""official_url"": ""https://www.martin.com/en/products/MAC-700-Wash"", ""name"": ""MAC 700 Wash"", ""manufacturer"": ""Martin Professional (HARMAN)"", ""source_images"": [], ""reference_asset"": """"}, {""id"": ""claypaky/alpha-wash-1500"", ""reason"": ""An exact-model product reference image is unavailable; Direct official still-image URL and manufacturer-hosted brochure not located"", ""category_id"": ""lighting.moving.wash"", ""stage"": ""research"", ""official_url"": ""https://www.claypaky.it/en/news/clay-paky-new-products-plasa-2010/"", ""name"": ""Alpha Wash 1500"", ""manufacturer"": ""Claypaky"", ""source_images"": [], ""reference_asset"": """"}, {""id"": ""claypaky/alpha-wash-1500-lt"", ""reason"": ""An exact-model product reference image is unavailable; Direct official still-image URL and manufacturer-hosted brochure not located"", ""category_id"": ""lighting.moving.wash"", ""stage"": ""research"", ""official_url"": ""https://www.claypaky.it/en/news/clay-paky-new-products-plasa-2010/"", ""name"": ""Alpha Wash 1500 LT"", ""manufacturer"": ""Claypaky"", ""source_images"": [], ""reference_asset"": """"}]"
lighting.moving.beam,lighting.moving,Beam,True,Moving narrow-beam aerial effect.,represented,11,Lighting fixtures > Automated lighting > Beam,"[""adj/hydro-beam-x1"", ""claypaky/sharpy"", ""elation-professional/dartz-360"", ""chauvet-professional/rogue-r3-beam"", ""martin-professional-harman/mac-one-beam"", ""glp/mad-maxx"", ""shehds/led-beam-spot-moving-head-150w"", ""eliminator-lighting/stealth-beam"", ""ayrton/karif-lt"", ""ayrton/rawbeam-350"", ""ayrton/cobra""]","[{""id"": ""blizzard-lighting/hypno-beam"", ""reason"": ""An exact-model product reference image is unavailable; Exact image URL and dimensioned-drawing axis mapping have not been verified; dimensions are provisionally assigned from the page's unlabeled size string"", ""category_id"": ""lighting.moving.beam"", ""stage"": ""research"", ""official_url"": ""https://www.blizzardpro.com/products/hypno-beam"", ""name"": ""Hypno Beam"", ""manufacturer"": ""Blizzard Lighting"", ""source_images"": [], ""reference_asset"": """"}, {""id"": ""shehds/beam-275w-10r-double-prisms"", ""reason"": ""Official page dimensions are not axis-labeled in text; axis assignment is provisional despite a listed product-size illustration. Verify image corresponds to exact US variant/SKU before modeling"", ""category_id"": ""lighting.moving.beam"", ""stage"": ""research"", ""official_url"": ""https://shehds.com/products/beam-275w-moving-head-lighting-14-gobos-professional-stage-performance-lights"", ""name"": ""Beam 275W 10R Double Prisms"", ""manufacturer"": ""SHEHDS"", ""source_images"": [""https://shehds.com/cdn/shop/files/6_proc.png?v=1752916991&width=416""], ""reference_asset"": """"}, {""id"": ""blizzard-lighting/typhon-ip-sharpshooter"", ""reason"": ""A sourced assembled width, height and depth have not all been established; The manufacturer product page has no assembled dimensions or dimensioned drawing; third-party dimensional figures were not substituted for the requested primary-source geometry"", ""category_id"": ""lighting.moving.beam"", ""stage"": ""research"", ""official_url"": ""https://www.blizzardpro.com/products/typhon-ip-sharpshooter"", ""name"": ""Typhon IP Sharpshooter"", ""manufacturer"": ""Blizzard Lighting"", ""source_images"": [""https://cdn.prod.website-files.com/63c80568891bfe007679d3f3/690f998d84cea5dad6f334d9_typhon-sharpshooter-right-yellow_1920x1920.webp""], ""reference_asset"": """"}, {""id"": ""chauvet-professional/rogue-r1-fx-b"", ""reason"": ""Per-head pivot locations and overall bounding envelope across infinite pan/tilt motion are not specified by the product page; use neutral product pose only"", ""category_id"": ""lighting.moving.beam"", ""stage"": ""research"", ""official_url"": ""https://chauvetprofessional.com/product/rogue-r1-fx-b/"", ""name"": ""Rogue R1 FX-B"", ""manufacturer"": ""CHAUVET Professional"", ""source_images"": [""https://chauvetprofessional.com/wp-content/uploads/2025/10/ROGUE_R1_FXB-FRONT.840-FEAT.png""], ""reference_asset"": """"}, {""id"": ""claypaky/alpha-beam-1500"", ""reason"": ""An exact-model product reference image is unavailable; The model needs a supported geometry profile; Direct official still-image URL and manufacturer-hosted brochure not located"", ""category_id"": ""lighting.moving.beam"", ""stage"": ""research"", ""official_url"": ""https://www.claypaky.it/en/news/clay-paky-new-products-plasa-2010/"", ""name"": ""Alpha Beam 1500"", ""manufacturer"": ""Claypaky"", ""source_images"": [], ""reference_asset"": """"}]"
lighting.moving.hybrid,lighting.moving,Beam / spot / wash hybrid,True,Manufacturer identifies multi-role hybrid optical system.,represented,9,Lighting fixtures > Automated lighting > Beam / spot / wash hybrid,"[""chauvet-professional/rogue-rh1-hybrid"", ""claypaky/sharpy-plus"", ""claypaky/sharpy-plus-aqua"", ""elation-professional/proteus-radius"", ""robe-lighting/megapointe"", ""robe-lighting/pointe"", ""robe-lighting/tarrantula"", ""prolights/astra-hybrid330"", ""robe-lighting/esprite""]","[{""id"": ""chauvet-dj/intimidator-hybrid-251sr"", ""reason"": ""Official source gives dimensions but no dimensioned drawing pose is available in the public product-page view; verify orientation against its manual before scale modeling"", ""category_id"": ""lighting.moving.hybrid"", ""stage"": ""research"", ""official_url"": ""https://www.chauvetdj.com/products/intimidator-hybrid-251sr/"", ""name"": ""Intimidator Hybrid 251SR"", ""manufacturer"": ""CHAUVET DJ"", ""source_images"": [""https://www.chauvetdj.com/wp-content/uploads/2024/11/INTIMIDATOR-HYBRID-251SR-FEAT.png""], ""reference_asset"": """"}]"
lighting.moving.batten,lighting.moving,Moving batten / multi-head bar,True,"Motorized linear fixture or coordinated array, not merely a manually tilted batten.",represented,5,Lighting fixtures > Automated lighting > Moving batten / multi-head bar,"[""glp/impression-x4-bar-20"", ""glp/impression-x5-bar-1000"", ""claypaky/volero-wave"", ""chauvet-dj/intimidator-spot-duo"", ""robe-lighting/tetra1""]",[]
lighting.moving.scanner,lighting.moving,Moving-mirror scanner,True,Fixed body with motorized mirror; not a moving-head yoke.,represented,1,Lighting fixtures > Automated lighting > Moving-mirror scanner,"[""adj/dynasty-scan-dmx""]",[]
lighting.followspot,lighting,Manually operated followspot,True,Operator steers the light; optional DMX intensity does not imply motorized pan/tilt.,represented,1,Lighting fixtures > Manually operated followspot,"[""robert-juliat/roxie2-1166-2-ww""]",[]
lighting.effects,lighting,Visible and audience effects,False,,represented,15,Lighting fixtures > Visible and audience effects,[],[]
lighting.effects.multi_effect,lighting.effects,Integrated multi-effect assembly,True,One manufacturer assembly combining distinct effects or independently moving modules; each optical source retains its own geometry and control limitations.,research_pending,0,Lighting fixtures > Visible and audience effects > Integrated multi-effect assembly,[],"[{""id"": ""blizzard-lighting/switchblade-flip"", ""reason"": ""A sourced assembled width, height and depth have not all been established; An exact-model product reference image is unavailable; The model needs a supported geometry profile; Exact image URL and physical dimensions/weight/power are not present in the captured official specs; highly unusual dual-face form needs a dedicated geometry family"", ""category_id"": ""lighting.effects.multi_effect"", ""stage"": ""research"", ""official_url"": ""https://www.blizzardpro.com/products/switchblade-flip"", ""name"": ""SwitchBlade Flip"", ""manufacturer"": ""Blizzard Lighting"", ""source_images"": [], ""reference_asset"": """"}, {""id"": ""shehds/led-moving-head-strobe-light-matrix-effect-wash"", ""reason"": ""An exact-model product reference image is unavailable; The model needs a supported geometry profile; DMX channel counts conflict between the technical block (6/19/302) and product feature text (6/16/146); technical block is retained provisionally. The page also has contradictory electrical power fields; official product still URL remains unverified"", ""category_id"": ""lighting.effects.multi_effect"", ""stage"": ""research"", ""official_url"": ""https://shehds.com/products/led-200w-strobe-moving-head-lighting"", ""name"": ""LED Moving Head Strobe Light Matrix Effect Wash"", ""manufacturer"": ""SHEHDS"", ""source_images"": [], ""reference_asset"": """"}, {""id"": ""chauvet-dj/gigbar-move-ils"", ""reason"": ""The model needs a supported geometry profile; The visible optical module count has not been established; The laser safety classification is not included in the reviewed official summary; preserve as a distinct laser emitter and source its classification before any operational/safety modeling"", ""category_id"": ""lighting.effects.multi_effect"", ""stage"": ""research"", ""official_url"": ""https://www.chauvetdj.com/products/gigbar-move-ils/"", ""name"": ""GigBAR Move + ILS"", ""manufacturer"": ""CHAUVET DJ"", ""source_images"": [""https://www.chauvetdj.com/wp-content/uploads/2022/05/GigBAR-Move-ILS-FEATURED_img.png""], ""reference_asset"": """"}, {""id"": ""adj/startec-rayzer"", ""reason"": ""The model needs a supported geometry profile; The visible optical module count has not been established; Exact laser outlet count not recovered"", ""category_id"": ""lighting.effects.multi_effect"", ""stage"": ""research"", ""official_url"": ""https://www.adj.com/products/rayzer"", ""name"": ""Startec Rayzer"", ""manufacturer"": ""ADJ"", ""source_images"": [""https://www.adj.com/cdn/shop/files/54cccaf414c8c4944ec81f38c1a6d0aa789f0b22_RAY129__IMG__001__9241ee4a4ecc.jpg?v=1776712605&width=800""], ""reference_asset"": """"}, {""id"": ""adj/stinger"", ""reason"": ""The model needs a supported geometry profile; The visible optical module count has not been established; Exact laser outlet count not recovered"", ""category_id"": ""lighting.effects.multi_effect"", ""stage"": ""research"", ""official_url"": ""https://www.adj.com/products/stinger"", ""name"": ""Stinger"", ""manufacturer"": ""ADJ"", ""source_images"": [""https://www.adj.com/cdn/shop/files/944f905ae339bcce1f469c47e930a644d89df2c0_STI960__IMG__001__97f92424f2c9.jpg?v=1776715480&width=800""], ""reference_asset"": """"}, {""id"": ""adj/boom-box-fx2"", ""reason"": ""The model needs a supported geometry profile; The visible optical module count has not been established; Exact laser outlet count not recovered"", ""category_id"": ""lighting.effects.multi_effect"", ""stage"": ""research"", ""official_url"": ""https://www.adj.com/products/boom-box-fx2"", ""name"": ""Boom Box FX2"", ""manufacturer"": ""ADJ"", ""source_images"": [""https://www.adj.com/cdn/shop/files/7022c1535af264d67d1ed14a1d509a6a7827c82b_BOO663__IMG__001__9e49d4bcb1c0.jpg?v=1776713992&width=800""], ""reference_asset"": """"}]"
lighting.effects.strobe,lighting.effects,Strobe,True,Dedicated flash/strobe system; hybrid blinder capability kept as a use tag.,represented,9,Lighting fixtures > Visible and audience effects > Strobe,"[""adj/jolt-bar-fx"", ""glp/jdc-line-500"", ""glp/jdc1"", ""martin-professional-harman/atomic-3000-led"", ""adj/jolt-bar-fx2"", ""adj/jolt-300"", ""claypaky/tambora-flash"", ""glp/jdc-line-1000"", ""acme/lightning""]",[]
lighting.effects.blinder,lighting.effects,Audience blinder,True,"Audience-facing punch/tungsten-style glow role, distinct from ACL beam arrays.",represented,1,Lighting fixtures > Visible and audience effects > Audience blinder,"[""chauvet-professional/strike-4""]",[]
lighting.effects.mirror_ball,lighting.effects,Mirror ball / reflective effect,True,Passive reflective object; motor and pinspots are separate products.,represented,1,Lighting fixtures > Visible and audience effects > Mirror ball / reflective effect,"[""adj/m-2020-mirror-ball""]",[]
lighting.effects.mirror_motor,lighting.effects,Mirror-ball motor,True,"Dedicated effect rotation motor; not the mirror ball, a chain hoist or an engineered lifting system.",represented,1,Lighting fixtures > Visible and audience effects > Mirror-ball motor,"[""eliminator-lighting-adj-group/mbmhd3-mirror-ball-motor""]",[]
lighting.effects.laser,lighting.effects,Show laser projector,True,"Physical projector only. No exposure model, show output, compliance or operator authorization is supplied.",represented,3,Lighting fixtures > Visible and audience effects > Show laser projector,"[""laserworld/ds-1000rgb-mk5"", ""chauvet-dj/scorpion-dual-rgb"", ""adj/x-move-laser""]","[{""id"": ""chauvet-dj/scorpion-dual"", ""reason"": ""Dimensions lack a separate drawing citation"", ""category_id"": ""lighting.effects.laser"", ""stage"": ""research"", ""official_url"": ""https://www.chauvetdj.com/products/scorpion-dual/"", ""name"": ""Scorpion Dual"", ""manufacturer"": ""CHAUVET DJ"", ""source_images"": [""https://www.chauvetdj.com/wp-content/uploads/2015/12/scorpion-dual-cat.jpg""], ""reference_asset"": """"}, {""id"": ""chauvet-dj/scorpion-bar-rg"", ""reason"": ""The visible optical module count has not been established; Exact aperture count not established from source-backed product imagery/specifications"", ""category_id"": ""lighting.effects.laser"", ""stage"": ""research"", ""official_url"": ""https://www.chauvetdj.com/products/scorpion-bar-rg/"", ""name"": ""Scorpion Bar RG"", ""manufacturer"": ""CHAUVET DJ"", ""source_images"": [""https://www.chauvetdj.com/wp-content/uploads/2016/01/gal-Scorpion-Bar-RG-1.jpg""], ""reference_asset"": """"}, {""id"": ""chauvet-dj/scorpion-storm-fxrg"", ""reason"": ""The visible optical module count has not been established; Exact laser aperture count not established"", ""category_id"": ""lighting.effects.laser"", ""stage"": ""research"", ""official_url"": ""https://www.chauvetdj.com/products/scorpion-storm-fxrg/"", ""name"": ""Scorpion Storm FXRG"", ""manufacturer"": ""CHAUVET DJ"", ""source_images"": [""https://www.chauvetdj.com/wp-content/uploads/2015/12/Scorpion-Storm-FXRG-1.jpg""], ""reference_asset"": """"}, {""id"": ""adj/galaxian"", ""reason"": ""The listed 71 mm height appears to describe only the housing, while the photo includes a taller hanging bracket; the assembled bracket envelope needs a dimensional drawing"", ""category_id"": ""lighting.effects.laser"", ""stage"": ""research"", ""official_url"": ""https://www.adj.com/products/galaxian"", ""name"": ""Galaxian"", ""manufacturer"": ""ADJ"", ""source_images"": [""https://www.adj.com/cdn/shop/files/896038a44e707ec22b40e120942f21b101901139_GALAXIAN__IMG__001__16485316a8d9.jpg?v=1776714566&width=418""], ""reference_asset"": """"}, {""id"": ""adj/laser-widow"", ""reason"": ""A sourced assembled width, height and depth have not all been established; The visible optical module count has not been established; Dimension orientation ambiguous; source gives three axes without identifying their order"", ""category_id"": ""lighting.effects.laser"", ""stage"": ""research"", ""official_url"": ""https://www.adj.com/products/laser-widow"", ""name"": ""Laser Widow"", ""manufacturer"": ""ADJ"", ""source_images"": [""https://www.adj.com/cdn/shop/files/8eacce0e6d6f59304ffb3004d12d5bdff897b81c_LASER_WIDOW__IMG__001__ea59aad3854d.jpg?v=1776715128&width=216""], ""reference_asset"": """"}]"
atmosphere,,Atmosphere and air movement,False,,represented,21,Atmosphere and air movement,[],[]
atmosphere.fog,atmosphere,Fog / smoke-look generator,True,"Heated fog-fluid appliance; smoke is a search alias, not proof of combustion.",represented,8,Atmosphere and air movement > Fog / smoke-look generator,"[""antari/z-1000iii-fog-machine"", ""antari/z-1500iii-fog-machine"", ""antari/z-1200iii-fog-machine"", ""look-solutions/tiny-s"", ""antari/z-3000iii-fog-machine"", ""mdg/mse1"", ""le-maitre/gforce-3"", ""le-maitre/g300""]","[{""id"": ""le-maitre/g300-smart"", ""reason"": ""An exact-model product reference image is unavailable; Official still URL not recovered"", ""category_id"": ""atmosphere.fog"", ""stage"": ""research"", ""official_url"": ""https://lemaitreltd.com/downloads/smoke-machine-manuals/g300-smart-manual/"", ""name"": ""G300-Smart"", ""manufacturer"": ""Le Maitre"", ""source_images"": [], ""reference_asset"": """"}, {""id"": ""le-maitre/gforce-2"", ""reason"": ""An exact-model product reference image is unavailable; Dedicated product manual and exact still URL not retrieved"", ""category_id"": ""atmosphere.fog"", ""stage"": ""research"", ""official_url"": ""https://lemaitreltd.com/products/smoke-fog-haze/smoke-fog-haze-machines/gforce-3/le-maitre-smoke-machine-comparison-breakdown/"", ""name"": ""GForce 2"", ""manufacturer"": ""Le Maitre"", ""source_images"": [], ""reference_asset"": """"}]"
atmosphere.haze_water,atmosphere,Water-based hazer / fazer,True,Haze-producing machine with explicitly sourced water-based fluid/process.,represented,5,Atmosphere and air movement > Water-based hazer / fazer,"[""chauvet-dj/hurricane-haze-1dx"", ""chauvet-dj/hurricane-haze-2d"", ""look-solutions/unique-2-1"", ""adj/entour-venue"", ""antari/f-1-fazer""]","[{""id"": ""adj/entour-faze"", ""reason"": ""A sourced assembled width, height and depth have not all been established; Official image URL and DMX modes verified. Metric and inch dimension strings disagree; dimensions remain null until drawing resolves which tuple is authoritative"", ""category_id"": ""atmosphere.haze_water"", ""stage"": ""research"", ""official_url"": ""https://www.adj.com/products/entour-faze"", ""name"": ""Entour Faze"", ""manufacturer"": ""ADJ"", ""source_images"": [""https://www.adj.com/cdn/shop/files/0af827718a179ec27b930debf66d5617a4583fab_ENT008__IMG__004__f9dac1cad084.jpg?v=1776712291&width=2048""], ""reference_asset"": """"}, {""id"": ""shehds/660w-haze-machine"", ""reason"": ""A sourced assembled width, height and depth have not all been established; DMX capability and exact image URL are available, but product mass and assembled dimensions are absent; package dimensions and gross weight are not valid substitutes"", ""category_id"": ""atmosphere.haze_water"", ""stage"": ""research"", ""official_url"": ""https://shehds.com/products/660w-haze-machine-with-flight-case-dmx-stage-professional-fogger-equipment-remote-control-smoke-hazer-hall-music-concert-dj"", ""name"": ""660W Haze Machine"", ""manufacturer"": ""SHEHDS"", ""source_images"": [""https://shehds.com/cdn/shop/files/8282476a93178822eeb044a0785f909a.png?v=1748571216""], ""reference_asset"": """"}]"
atmosphere.haze_oil,atmosphere,Oil-based / atomizing hazer,True,"Oil-fluid hazer; record compressor or external gas dependency, do not assume an internal compressor.",represented,5,Atmosphere and air movement > Oil-based / atomizing hazer,"[""mdg/atmosphere-aps-haze-generator"", ""antari/hz-1000-hazer"", ""antari/hz-500-hazer"", ""antari/hz-400-hazer"", ""mdg/atmosphere-aps""]","[{""id"": ""antari/hz-350-hazer"", ""reason"": ""Current product page and manual refer to current-generation model. The older 2022 HZ-350 generation has different dimensions and power; verify manufacturing generation before selecting geometry"", ""category_id"": ""atmosphere.haze_oil"", ""stage"": ""research"", ""official_url"": ""https://antari.com/products/hz-350/"", ""name"": ""HZ-350 Hazer"", ""manufacturer"": ""Antari"", ""source_images"": [""https://antari.com/wp-content/uploads/HZ-350_01.jpg""], ""reference_asset"": """"}]"
atmosphere.low_fog,atmosphere,Low-lying fog,True,"Chilled, ultrasonic or dry-ice systems share the low-fog role; process and consumables are facets.",represented,1,Atmosphere and air movement > Low-lying fog,"[""chauvet-dj/cumulus-hp-low-lying-fog-machine""]","[{""id"": ""adj/entour-chill"", ""reason"": ""ADJ page gives 461.85 × 300 × 270.82 mm, while a 2020 manufacturer news post gives 420 × 297 × 273 mm. The product page links a dimensional drawing and that page specification is retained; verify PDF before modeling"", ""category_id"": ""atmosphere.low_fog"", ""stage"": ""research"", ""official_url"": ""https://www.adj.com/products/entour-chill"", ""name"": ""Entour Chill"", ""manufacturer"": ""ADJ"", ""source_images"": [""https://www.adj.com/cdn/shop/files/3e7661948e28165dc0fdeddd00b573fd2c2deb36_ENT791__IMG__001__fd97ff053a3a.jpg?v=1776712412&width=1200""], ""reference_asset"": """"}, {""id"": ""le-maitre/freezefog-pro"", ""reason"": ""Mass and exact official still URL not recovered"", ""category_id"": ""atmosphere.low_fog"", ""stage"": ""research"", ""official_url"": ""https://lemaitreltd.com/products/smoke-fog-haze/smoke-fog-haze-machines/freezefog-pro/"", ""name"": ""Freezefog Pro"", ""manufacturer"": ""Le Maitre"", ""source_images"": [""https://lemaitreltd.com/sites/lemaitreltd/cache/file/A4C6E40B-BFD7-4B36-918B7CCAB9A58AA7.jpg""], ""reference_asset"": """"}]"
atmosphere.fog_jet,atmosphere,Fog-fluid jet / geyser,True,"Dense fog jet, optionally LED-lit; not a genuine liquid-CO2 jet.",represented,1,Atmosphere and air movement > Fog-fluid jet / geyser,"[""antari/m-9-jet-fog-machine""]",[]
atmosphere.fan,atmosphere,Effect fan / airflow appliance,True,Separate fan for artistic air movement or atmosphere distribution.,represented,1,Atmosphere and air movement > Effect fan / airflow appliance,"[""adj/entour-cyclone""]","[{""id"": ""look-solutions/look-fan-dmx"", ""category_id"": ""atmosphere.fan"", ""reason"": ""Missing or conflicting dimensional envelope"", ""note"": ""Official sheet labels fan Ø665 mm, front-view overall width 721 mm, side-view projection 460 mm, and depth 425 mm. The drawing does not make clear whether the 460 mm projection is a pose-dependent yoke dimension or overall height in the intended mounted reference pose; do not map these into a bounding box without clarification."", ""official_url"": ""https://www.looksolutions.com/uploads/pdf/en_fr/info_dmxfan_e.pdf"", ""name"": ""Look-Fan DMX"", ""manufacturer"": ""Look Solutions"", ""source_images"": [], ""reference_asset"": ""research/fixtures/taxonomy/atmos-sources/look-fan-dmx-sheet-1.png""}]"
effects,,Special-effects appliances,False,,represented,17,Special-effects appliances,[],[]
effects.bubble,effects,Bubble machine,True,,represented,3,Special-effects appliances > Bubble machine,"[""antari/b-100-bubble-machine"", ""antari/b-200-bubble-machine"", ""antari/w-101-wireless-bubble-machine""]",[]
effects.snow,effects,Snow / foam-look machine,True,,represented,4,Special-effects appliances > Snow / foam-look machine,"[""antari/s-500-snow-machine"", ""antari/sw-250-snow-machine"", ""antari/s-200x-snow-machine"", ""antari/s-100x-snow-machine""]","[{""id"": ""antari/s-600-snow-machine"", ""reason"": ""Unresolved manufacturer dimension conflict: current page/manual details give 462 × 596 × 630 mm and 24 kg; 2026 guide gives 464 × 624 × 661 mm and 26 kg. Retained webpage values, do not treat scaled model as final until revision is resolved"", ""category_id"": ""effects.snow"", ""stage"": ""research"", ""official_url"": ""https://antari.com/products/s-600/"", ""name"": ""S-600 Snow Machine"", ""manufacturer"": ""Antari"", ""source_images"": [""https://antari.com/wp-content/uploads/S-600_main-1000x1000-1.jpg""], ""reference_asset"": """"}, {""id"": ""antari/sw-300-snow-machine"", ""reason"": ""Product page dimension string 513 × 376 × 349 mm conflicts materially with manual 500 × 276 × 311 mm. Resolve the current assembled dimension set before modeling"", ""category_id"": ""effects.snow"", ""stage"": ""research"", ""official_url"": ""https://antari.com/products/sw-300/"", ""name"": ""SW-300 Snow Machine"", ""manufacturer"": ""Antari"", ""source_images"": [""https://antari.com/wp-content/uploads/SW-300_01.jpg""], ""reference_asset"": """"}]"
effects.confetti,effects,Confetti / streamer launcher,True,Reusable launcher; disposable cannon and loose consumables are separate inventory.,represented,1,Special-effects appliances > Confetti / streamer launcher,"[""magic-fx/powershot-ii""]","[{""id"": ""ultratec-special-effects/cyclofetti"", ""reason"": ""A sourced assembled width, height and depth have not all been established; An exact-model product reference image is unavailable; Height, mounting orientation, activation interface and official still URL not established"", ""category_id"": ""effects.confetti"", ""stage"": ""research"", ""official_url"": ""https://portal.ultratecfx.com/Products/confetti-streamers/cyclofetti"", ""name"": ""Cyclofetti"", ""manufacturer"": ""Ultratec Special Effects"", ""source_images"": [], ""reference_asset"": """"}]"
effects.co2,effects,Liquid-CO2 / gas jet,True,Actual gas-fed effect; cylinder and supply hardware are separate dependencies.,represented,1,Special-effects appliances > Liquid-CO2 / gas jet,"[""magic-fx/co2-jet-ii""]","[{""id"": ""magic-fx/co2-jet-i"", ""category_id"": ""effects.co2"", ""reason"": ""Missing or conflicting dimensional envelope"", ""note"": ""Although the manufacturer page lists a 200 x 150 x 130 mm triplet, its matching manual gives 195 x 150 x 130 mm and a conflicting mass; neither clarifies whether the protruding removable output tube is included. The canonical assembled envelope is unresolved."", ""official_url"": ""https://magicfx.com/products/co2-jet-i"", ""name"": ""CO2 Jet I"", ""manufacturer"": ""MAGIC FX"", ""source_images"": [""https://magicfx.com/cdn/shop/files/CO2JET1.png?v=1774359837&width=3840""], ""reference_asset"": ""research/fixtures/taxonomy/atmos-sources/magicfx-co2jet-i.png""}, {""id"": ""showven/co2-jet-x-c1"", ""reason"": ""Dimension axis orientation needs drawing confirmation"", ""category_id"": ""effects.co2"", ""stage"": ""research"", ""official_url"": ""https://www.showven.cn/product/co2-jet-x-c1/"", ""name"": ""CO2 JET X-C1"", ""manufacturer"": ""SHOWVEN"", ""source_images"": [""https://www.showven.cn/wp-content/uploads/2024/03/%E4%BA%8C%E6%B0%A7%E5%8C%96%E7%A2%B3%E6%B0%94%E6%9F%B1-500x500.png""], ""reference_asset"": """"}]"
effects.spark,effects,Spark-effect appliance,True,Physical appliance only; do not infer safe operation from the term cold spark.,represented,7,Special-effects appliances > Spark-effect appliance,"[""magic-fx/sparxtar-ii"", ""showven/sparkular-mini"", ""showven/sparkular-jet-ii"", ""showven/sparkular-cyclone-ii"", ""showven/sparkular-max"", ""showven/sparkular"", ""showven/sparkular-wp""]",[]
effects.flame,effects,Flame-effect appliance,True,"Physical appliance only; no firing profile, operating settings or safety distances.",represented,1,Special-effects appliances > Flame-effect appliance,"[""magic-fx/flameblazer""]","[{""id"": ""magic-fx/flameblazer-standalone"", ""reason"": ""Official product still URL not extracted"", ""category_id"": ""effects.flame"", ""stage"": ""research"", ""official_url"": ""https://www.magicfx.eu/data/uploads/documents/MAGICFX_FLAMEBLAZER_MANUAL.pdf"", ""name"": ""FLAMEBLAZER Standalone"", ""manufacturer"": ""MAGIC FX"", ""source_images"": [""https://lemaitreltd.com/sites/lemaitreltd/cache/file/AD75D031-C865-4286-9E7926ADFF25C3DB.jpg""], ""reference_asset"": """"}, {""id"": ""tbf-pyrotec-le-maitre/5-master"", ""reason"": ""An exact-model product reference image is unavailable; Dimension axis order and DMX footprint need the linked manufacturer data sheet; official still URL not extracted"", ""category_id"": ""effects.flame"", ""stage"": ""research"", ""official_url"": ""https://lemaitreltd.com/products/flame-machines/flame-machines/5-master-by-tbf-pyrotec/"", ""name"": ""5-Master"", ""manufacturer"": ""TBF Pyrotec / Le Maitre"", ""source_images"": [], ""reference_asset"": """"}]"
effects.water,effects,Water jet / fountain / rain effect,True,Water-effect hardware and its custom water-management system; not a fogger.,research_pending,0,Special-effects appliances > Water jet / fountain / rain effect,[],"[{""id"": ""fontana-fountains/fontana-jumping-jet-mxp-3000"", ""category_id"": ""effects.water"", ""reason"": ""Missing or conflicting dimensional envelope"", ""note"": ""Manufacturer lists maximum/variable extents rather than a single fixed pose: total width 370 mm, total height up to 570 mm, total length up to 480 mm, and 275 mm diameter. Do not treat these pose-dependent maximums as a fixed rigid fixture envelope."", ""official_url"": ""https://fontanafountains.com/products/spray-systems/special-water-effects/jumping-jet/"", ""name"": ""Fontana Jumping Jet MXP 3000"", ""manufacturer"": ""Fontana Fountains"", ""source_images"": [], ""reference_asset"": ""research/fixtures/taxonomy/atmos-sources/fontana-jumping-jet-mxp3000.png""}]"
video,,Video and projected surfaces,False,,represented,4,Video and projected surfaces,[],[]
video.panel,video,LED display panel,True,"Physical panel module; pixel pitch, processing and rigging compatibility are separate facts.",represented,1,Video and projected surfaces > LED display panel,"[""roe-visual/black-pearl-bp2v2""]",[]
video.projector,video,Video projector,True,Exact body/lens variant; lens throw and network control are metadata.,represented,1,Video and projected surfaces > Video projector,"[""panasonic/pt-rz660b-with-supplied-et-dle170-lens""]",[]
video.screen,video,Projection screen / scenic surface,True,"Screen, scrim or mesh; dimensions and material belong to exact/custom variant.",represented,1,Video and projected surfaces > Projection screen / scenic surface,"[""da-lite-legrand-av/fast-fold-deluxe-screen-system-88692-frame-screen-only-legs-omitted""]",[]
video.processor,video,Media server / video processor,True,,represented,1,Video and projected surfaces > Media server / video processor,"[""brompton-technology/tessera-sx40""]",[]
control,,Control and data,False,,represented,7,Control and data,[],[]
control.console,control,Lighting console / control surface,True,,represented,1,Control and data > Lighting console / control surface,"[""etc/colorsource-20""]",[]
control.node,control,Network-to-DMX node / gateway,True,,represented,1,Control and data > Network-to-DMX node / gateway,"[""enttec/ode-mk3""]",[]
control.pixel,control,Pixel-data controller / tape driver,True,Protocol conversion and pixel output; a separate power supply may be required. Not automatically power distribution.,represented,2,Control and data > Pixel-data controller / tape driver,"[""enttec/pixelator-mini"", ""elation-professional/pixel-driver-170""]",[]
control.distribution,control,Data splitter / wireless bridge,True,,represented,1,Control and data > Data splitter / wireless bridge,"[""enttec/d-split""]",[]
control.tracking,control,Followspot tracking / automation control,True,Control system and sensor hardware; distinct from the fixture being steered.,represented,1,Control and data > Followspot tracking / automation control,"[""robe-lighting/robospot-motioncamera""]",[]
control.cable,control,Data cable / connector / termination,True,Exact cable SKU or parametric cable run; no electrical compatibility inferred from connector shape.,represented,1,Control and data > Data cable / connector / termination,"[""neutrik/nc5mxx-5-pole-male-xlr-cable-connector""]",[]
power,,Power and dimming,False,,represented,3,Power and dimming,[],[]
power.dimmer,power,Dimmer / switch pack,True,External power-control appliance; supported load types and regional mains variant must be explicit.,represented,1,Power and dimming > Dimmer / switch pack,"[""adj/dp-415r""]",[]
power.distribution,power,Power distribution / supply / driver,True,,represented,1,Power and dimming > Power distribution / supply / driver,"[""mean-well/lrs-350-24""]",[]
power.cable,power,Power cable / multicore / adapter,True,,represented,1,Power and dimming > Power cable / multicore / adapter,"[""neutrik/powercon-true1-top-nac3fx-w-top-cable-connector-power-in-eu-us-ratings""]",[]
rigging,,Rigging and support,False,,represented,5,Rigging and support,[],[]
rigging.truss,rigging,Truss / pipe / structural module,True,Exact series and length; visual geometry does not establish load rating or interoperability.,represented,1,Rigging and support > Truss / pipe / structural module,"[""global-truss/sq-4110-f34-straight-segment-natural-aluminium""]",[]
rigging.stand,rigging,Stand / tower / ground support,True,,represented,1,Rigging and support > Stand / tower / ground support,"[""manfrotto/heavy-duty-stand-black-air-cushioned-black-steel""]",[]
rigging.clamp,rigging,Clamp / coupler / mounting adapter,True,,represented,1,Rigging and support > Clamp / coupler / mounting adapter,"[""doughty-engineering/twenty-clamp""]",[]
rigging.secondary,rigging,Secondary suspension / safety hardware,True,,represented,1,Rigging and support > Secondary suspension / safety hardware,"[""doughty-engineering/doughty-quick-link-10mm-550kg""]","[{""id"": ""kupo/kupo-75-cm-safety-wire-black"", ""category_id"": ""rigging.secondary"", ""reason"": ""Missing or conflicting dimensional envelope"", ""note"": ""A flexible safety wire has 750 mm length and 3.2 mm cable diameter, but no fixed 3D bounding box in the variable coil/installed pose; retain those source measures without assigning an envelope."", ""official_url"": ""https://www.kuposhop.com/en/product-697067/KUPO-75cm-Safety-Wire-3-2mm-Diameter-Black-SW-01-B.html"", ""name"": ""KUPO 75 cm Safety Wire (Black)"", ""manufacturer"": ""KUPO"", ""source_images"": [""https://www.kuposhop.com/comm/upimage/p_230511_05662.jpg""], ""reference_asset"": ""research/fixtures/taxonomy/atmos-sources/kupo-safety-wire-sw01b.jpg""}]"
rigging.hoist,rigging,Hoist / winch / motion hardware,True,"Physical model only, not a structural or motion-safety calculation.",represented,1,Rigging and support > Hoist / winch / motion hardware,"[""cm-entertainment-technology-columbus-mckinnon/lodestar-d8-type-l-1-tonne""]",[]
scenic,,Scenic and stage elements,False,,represented,2,Scenic and stage elements,[],[]
scenic.deck,scenic,Deck / riser / stairs,True,,represented,1,Scenic and stage elements > Deck / riser / stairs,"[""global-truss/gt-stage-adjust-1-x-2-m""]",[]
scenic.drape,scenic,Drape / masking / backdrop,True,,represented,1,Scenic and stage elements > Drape / masking / backdrop,"[""georgia-stage/prestige-velour-border-curtain-black-sku-7676""]",[]
scenic.custom,scenic,Custom scenery / set piece,True,Requires user dimensions or an authored parametric template; there is no universal manufacturer/model.,missing,0,Scenic and stage elements > Custom scenery / set piece,[],[]
accessories,,Fixture accessories and consumables,False,,represented,2,Fixture accessories and consumables,[],[]
accessories.optic,accessories,Lens tube / optic / beam shaping,True,,research_pending,0,Fixture accessories and consumables > Lens tube / optic / beam shaping,[],"[{""id"": ""etc/source-four-36-edlt-lens-tube"", ""category_id"": ""accessories.optic"", ""reason"": ""Missing or conflicting dimensional envelope"", ""note"": ""The cited official accessory sheet identifies and illustrates the body-only tube but gives no outer dimensions; do not borrow assembled Source Four dimensions."", ""official_url"": ""https://www.etcconnect.com/WorkArea/DownloadAsset.aspx?id=10737460535"", ""name"": ""Source Four 36° EDLT Lens Tube"", ""manufacturer"": ""ETC"", ""source_images"": [], ""reference_asset"": ""research/fixtures/taxonomy/lighting-sources/etc-source-four-accessories-page-1.png""}]"
accessories.gobo,accessories,Gobo / pattern / animation module,True,,research_pending,0,Fixture accessories and consumables > Gobo / pattern / animation module,[],"[{""id"": ""rosco/rosco-78042-large-squares"", ""category_id"": ""accessories.gobo"", ""reason"": ""Missing or conflicting dimensional envelope"", ""note"": ""Rosco specifies the 92 mm S-size OD; exact metal thickness for this standard pattern is not published, so no thickness scale claim is made."", ""official_url"": ""https://emea.rosco.com/en/products/gobos/78042-large-squares"", ""name"": ""Rosco 78042 Large Squares"", ""manufacturer"": ""Rosco"", ""source_images"": [""https://emea.rosco.com/sites/default/files/content/gobos//Steel/Large/78042.jpg""], ""reference_asset"": """"}]"
accessories.color,accessories,Color filter / scroller / diffusion,True,,research_pending,0,Fixture accessories and consumables > Color filter / scroller / diffusion,[],"[{""id"": ""rosco/cinegel-r3008-tough-frost-20-x-24-in-sheet"", ""category_id"": ""accessories.color"", ""reason"": ""Missing or conflicting dimensional envelope"", ""note"": ""Rosco identifies R3008 and standard Cinegel sheet sizes; exact per-variant thickness is not published in the cited product sources and remains unknown."", ""official_url"": ""https://us.rosco.com/en/products/filters/r3008-tough-frost"", ""name"": ""Cinegel R3008 Tough Frost, 20 x 24 in sheet"", ""manufacturer"": ""Rosco"", ""source_images"": [""https://us.rosco.com/sites/default/files/content/filters//phototiles/R3008.jpg""], ""reference_asset"": """"}]"
accessories.mask,accessories,Barn door / iris / shutter accessory,True,,research_pending,0,Fixture accessories and consumables > Barn door / iris / shutter accessory,[],"[{""id"": ""etc/source-four-drop-in-iris"", ""category_id"": ""accessories.mask"", ""reason"": ""Missing or conflicting dimensional envelope"", ""note"": ""The manual documents aperture range, not the iris assembly’s outer envelope; no fixture dimensions are substituted."", ""official_url"": ""https://www.etcconnect.com/WorkArea/DownloadAsset.aspx?id=10737460857"", ""name"": ""Source Four Drop-in Iris"", ""manufacturer"": ""ETC"", ""source_images"": [], ""reference_asset"": ""research/fixtures/taxonomy/lighting-sources/etc-source-four-accessories-page-1.png""}]"
accessories.fluid,accessories,Approved effect fluid / consumable,True,Compatibility must come from manufacturer documentation; a container model is not fluid approval.,represented,1,Fixture accessories and consumables > Approved effect fluid / consumable,"[""chauvet-dj/high-performance-fog-fluid-fju-gallon-jug""]",[]
accessories.gas,accessories,Gas cylinder / effect supply hardware,True,Exact supplier and region; physical visualization only.,represented,1,Fixture accessories and consumables > Gas cylinder / effect supply hardware,"[""magic-fx/co2-bottle-to-hose-connector""]","[{""id"": ""mdg/mdg-co2-gas-bottle-1-5-kg-north-american"", ""category_id"": ""accessories.gas"", ""reason"": ""Missing or conflicting dimensional envelope"", ""note"": ""Exact North American 1.5 kg MDG bottle identity is documented, but cylinder dimensions are not published; no standard-cylinder envelope is assumed."", ""official_url"": ""https://www.mdgfog.com/en/accessories"", ""name"": ""MDG CO2 Gas Bottle, 1.5 kg (North American)"", ""manufacturer"": ""MDG"", ""source_images"": [""https://mdgfog.s3.amazonaws.com/uploads/img/1.5-KG-3.3-LB-CO2.png""], ""reference_asset"": ""research/fixtures/taxonomy/atmos-sources/mdg-co2-bottle-na-1_5kg.png""}]"
